snapshot,h2
2023-01-01 00:00:00,7727.334825127531
2023-01-01 03:00:00,9900.0
2023-01-01 06:00:00,9900.0
2023-01-01 09:00:00,9900.0
2023-01-01 12:00:00,9900.0
2023-01-01 15:00:00,9900.0
2023-01-01 18:00:00,4639.514513404763
2023-01-01 21:00:00,-3979.9774999977
2023-01-02 00:00:00,-3979.9774999976944
2023-01-02 03:00:00,0.0
2023-01-02 06:00:00,3973.4194673019374
2023-01-02 09:00:00,8586.74270435913
2023-01-02 12:00:00,9900.0
2023-01-02 15:00:00,9900.0
2023-01-02 18:00:00,9900.0
2023-01-02 21:00:00,9899.999999999985
2023-01-03 00:00:00,9900.0
2023-01-03 03:00:00,9900.0
2023-01-03 06:00:00,9900.0
2023-01-03 09:00:00,9900.0
2023-01-03 12:00:00,9900.0
2023-01-03 15:00:00,9900.0
2023-01-03 18:00:00,9899.999999999998
2023-01-03 21:00:00,8310.940142456051
2023-01-04 00:00:00,0.0
2023-01-04 03:00:00,0.0
2023-01-04 06:00:00,0.0
2023-01-04 09:00:00,-3301.7032717561897
2023-01-04 12:00:00,-3979.977499997699
2023-01-04 15:00:00,0.0
2023-01-04 18:00:00,5551.968440566876
2023-01-04 21:00:00,1729.7123311870128
2023-01-05 00:00:00,0.0
2023-01-05 03:00:00,0.0
2023-01-05 06:00:00,0.0
2023-01-05 09:00:00,0.0
2023-01-05 12:00:00,0.0
2023-01-05 15:00:00,0.0
2023-01-05 18:00:00,0.0
2023-01-05 21:00:00,0.0
2023-01-06 00:00:00,0.0
2023-01-06 03:00:00,0.0
2023-01-06 06:00:00,0.0
2023-01-06 09:00:00,0.0
2023-01-06 12:00:00,0.0
2023-01-06 15:00:00,0.0
2023-01-06 18:00:00,0.0
2023-01-06 21:00:00,0.0
2023-01-07 00:00:00,0.0
2023-01-07 03:00:00,0.0
2023-01-07 06:00:00,0.0
2023-01-07 09:00:00,0.0
2023-01-07 12:00:00,0.0
2023-01-07 15:00:00,0.0
2023-01-07 18:00:00,0.0
2023-01-07 21:00:00,-1264.628130880123
2023-01-08 00:00:00,0.0
2023-01-08 03:00:00,-3979.9774999977
2023-01-08 06:00:00,-3979.9774999977
2023-01-08 09:00:00,-3979.9774999977
2023-01-08 12:00:00,-3979.9774999977
2023-01-08 15:00:00,-3182.6681349174796
2023-01-08 18:00:00,-1857.458841432177
2023-01-08 21:00:00,-2993.6623281056236
2023-01-09 00:00:00,-1921.319502367125
2023-01-09 03:00:00,-3979.9774999977053
2023-01-09 06:00:00,-3204.6189407426646
2023-01-09 09:00:00,-363.1491403514301
2023-01-09 12:00:00,-107.50988431490092
2023-01-09 15:00:00,0.0
2023-01-09 18:00:00,0.0
2023-01-09 21:00:00,0.0
2023-01-10 00:00:00,0.0
2023-01-10 03:00:00,0.0
2023-01-10 06:00:00,0.0
2023-01-10 09:00:00,0.0
2023-01-10 12:00:00,-3979.9774999977017
2023-01-10 15:00:00,-3979.9774999977
2023-01-10 18:00:00,-3979.9774999977017
2023-01-10 21:00:00,-3979.9774999977
2023-01-11 00:00:00,-3979.9774999977017
2023-01-11 03:00:00,-3979.9774999977
2023-01-11 06:00:00,-3979.977499997709
2023-01-11 09:00:00,-3979.9774999976944
2023-01-11 12:00:00,-3979.9774999977
2023-01-11 15:00:00,-3979.9774999976944
2023-01-11 18:00:00,-3979.9774999977
2023-01-11 21:00:00,-3979.977499997709
2023-01-12 00:00:00,-3979.9774999977
2023-01-12 03:00:00,-3979.9774999976944
2023-01-12 06:00:00,-3758.4053702535557
2023-01-12 09:00:00,-3979.977499997709
2023-01-12 12:00:00,-3979.9774999976944
2023-01-12 15:00:00,0.0
2023-01-12 18:00:00,0.0
2023-01-12 21:00:00,-3979.9774999977
2023-01-13 00:00:00,-3979.977499997709
2023-01-13 03:00:00,-3979.9774999977
2023-01-13 06:00:00,-3979.977499997709
2023-01-13 09:00:00,-3979.9774999977
2023-01-13 12:00:00,-3979.9774999976944
2023-01-13 15:00:00,-3979.9774999977
2023-01-13 18:00:00,-3979.9774999977
2023-01-13 21:00:00,-3979.97749999768
2023-01-14 00:00:00,-3979.97749999768
2023-01-14 03:00:00,-3979.97749999768
2023-01-14 06:00:00,-3979.9774999977
2023-01-14 09:00:00,-3979.97749999768
2023-01-14 12:00:00,-3979.9774999977
2023-01-14 15:00:00,-3979.977499997709
2023-01-14 18:00:00,-3979.9774999977
2023-01-14 21:00:00,-3979.9774999977
2023-01-15 00:00:00,-3979.9774999977
2023-01-15 03:00:00,-3979.97749999768
2023-01-15 06:00:00,-3979.97749999768
2023-01-15 09:00:00,-3979.977499997709
2023-01-15 12:00:00,-3979.97749999768
2023-01-15 15:00:00,-3979.977499997709
2023-01-15 18:00:00,-3979.9774999977
2023-01-15 21:00:00,-3979.9774999977
2023-01-16 00:00:00,-3979.9774999977
2023-01-16 03:00:00,-3979.9774999977
2023-01-16 06:00:00,-3979.9774999977
2023-01-16 09:00:00,-3979.9774999977
2023-01-16 12:00:00,-3979.977499997709
2023-01-16 15:00:00,-3979.97749999768
2023-01-16 18:00:00,-3979.97749999768
2023-01-16 21:00:00,-3979.9774999977
2023-01-17 00:00:00,-3979.977499997709
2023-01-17 03:00:00,-3979.9774999977
2023-01-17 06:00:00,-3979.97749999768
2023-01-17 09:00:00,-3979.9774999977
2023-01-17 12:00:00,-3979.9774999977
2023-01-17 15:00:00,-3979.9774999977
2023-01-17 18:00:00,0.0
2023-01-17 21:00:00,-3979.97749999768
2023-01-18 00:00:00,-3979.9774999977
2023-01-18 03:00:00,-3979.977499997709
2023-01-18 06:00:00,-3979.9774999977
2023-01-18 09:00:00,-3979.977499997709
2023-01-18 12:00:00,-3979.9774999977
2023-01-18 15:00:00,-3979.977499997709
2023-01-18 18:00:00,0.0
2023-01-18 21:00:00,0.0
2023-01-19 00:00:00,0.0
2023-01-19 03:00:00,0.0
2023-01-19 06:00:00,0.0
2023-01-19 09:00:00,0.0
2023-01-19 12:00:00,1735.877356183657
2023-01-19 15:00:00,8400.0
2023-01-19 18:00:00,8400.0
2023-01-19 21:00:00,8400.0
2023-01-20 00:00:00,8400.0
2023-01-20 03:00:00,8400.0
2023-01-20 06:00:00,8400.0
2023-01-20 09:00:00,8400.0
2023-01-20 12:00:00,8400.0
2023-01-20 15:00:00,8400.0
2023-01-20 18:00:00,8400.0
2023-01-20 21:00:00,8400.0
2023-01-21 00:00:00,8400.0
2023-01-21 03:00:00,8400.0
2023-01-21 06:00:00,8400.0
2023-01-21 09:00:00,8400.0
2023-01-21 12:00:00,8400.0
2023-01-21 15:00:00,8400.0
2023-01-21 18:00:00,8400.0
2023-01-21 21:00:00,8400.0
2023-01-22 00:00:00,8400.0
2023-01-22 03:00:00,8400.0
2023-01-22 06:00:00,8400.0
2023-01-22 09:00:00,8400.0
2023-01-22 12:00:00,8400.0
2023-01-22 15:00:00,8400.0
2023-01-22 18:00:00,8400.0
2023-01-22 21:00:00,8400.0
2023-01-23 00:00:00,8400.0
2023-01-23 03:00:00,8400.0
2023-01-23 06:00:00,8400.0
2023-01-23 09:00:00,8400.000000000004
2023-01-23 12:00:00,8399.999999999998
2023-01-23 15:00:00,8400.0
2023-01-23 18:00:00,6376.035417027282
2023-01-23 21:00:00,0.0
2023-01-24 00:00:00,0.0
2023-01-24 03:00:00,0.0
2023-01-24 06:00:00,0.0
2023-01-24 09:00:00,-3979.9774999977
2023-01-24 12:00:00,-3979.9774999977
2023-01-24 15:00:00,-3979.977499997699
2023-01-24 18:00:00,0.0
2023-01-24 21:00:00,0.0
2023-01-25 00:00:00,-1258.0722891354762
2023-01-25 03:00:00,0.0
2023-01-25 06:00:00,-3979.9774999977
2023-01-25 09:00:00,-3979.9774999977
2023-01-25 12:00:00,-3979.9774999977
2023-01-25 15:00:00,-3979.9774999977
2023-01-25 18:00:00,-3979.9774999977017
2023-01-25 21:00:00,-3979.9774999977
2023-01-26 00:00:00,-822.7102708689345
2023-01-26 03:00:00,0.0
2023-01-26 06:00:00,-1066.278541186286
2023-01-26 09:00:00,-3979.9774999977
2023-01-26 12:00:00,-3979.9774999977017
2023-01-26 15:00:00,-3979.9774999977
2023-01-26 18:00:00,0.0
2023-01-26 21:00:00,0.0
2023-01-27 00:00:00,0.0
2023-01-27 03:00:00,2417.765601994979
2023-01-27 06:00:00,9900.0
2023-01-27 09:00:00,9900.0
2023-01-27 12:00:00,3422.3345083204786
2023-01-27 15:00:00,9900.000000000002
2023-01-27 18:00:00,3615.806134076303
2023-01-27 21:00:00,0.0
2023-01-28 00:00:00,0.0
2023-01-28 03:00:00,0.0
2023-01-28 06:00:00,-3979.9774999977
2023-01-28 09:00:00,-3979.9774999977
2023-01-28 12:00:00,-3979.977499997698
2023-01-28 15:00:00,0.0
2023-01-28 18:00:00,-3979.977499997698
2023-01-28 21:00:00,-3979.9774999977
2023-01-29 00:00:00,-3979.9774999977017
2023-01-29 03:00:00,-3979.9774999977
2023-01-29 06:00:00,-3979.9774999977
2023-01-29 09:00:00,-3979.9774999977
2023-01-29 12:00:00,-3979.9774999977
2023-01-29 15:00:00,-3979.9774999976944
2023-01-29 18:00:00,-3979.9774999977017
2023-01-29 21:00:00,-3979.9774999977017
2023-01-30 00:00:00,-3979.9774999977017
2023-01-30 03:00:00,-3979.9774999976944
2023-01-30 06:00:00,-3979.9774999977
2023-01-30 09:00:00,-3979.9774999977
2023-01-30 12:00:00,-3979.9774999977
2023-01-30 15:00:00,-3979.9774999977
2023-01-30 18:00:00,-3979.9774999977
2023-01-30 21:00:00,-3979.9774999977
2023-01-31 00:00:00,-3979.9774999976944
2023-01-31 03:00:00,-3979.9774999976944
2023-01-31 06:00:00,-3979.977499997709
2023-01-31 09:00:00,-3979.9774999976944
2023-01-31 12:00:00,-2841.495083901511
2023-01-31 15:00:00,-3979.977499997709
2023-01-31 18:00:00,-3979.9774999977
2023-01-31 21:00:00,-3979.9774999977
2023-02-01 00:00:00,-3979.9774999977
2023-02-01 03:00:00,-3979.9774999977
2023-02-01 06:00:00,-3979.977499997709
2023-02-01 09:00:00,-3979.977499997709
2023-02-01 12:00:00,-3979.97749999768
2023-02-01 15:00:00,0.0
2023-02-01 18:00:00,6192.462417402654
2023-02-01 21:00:00,-3684.215540037252
2023-02-02 00:00:00,0.0
2023-02-02 03:00:00,0.0
2023-02-02 06:00:00,3510.319129154639
2023-02-02 09:00:00,9867.086048174813
2023-02-02 12:00:00,1193.9053967508767
2023-02-02 15:00:00,9900.000000000015
2023-02-02 18:00:00,9900.0
2023-02-02 21:00:00,9899.999999999985
2023-02-03 00:00:00,-3979.9774999977
2023-02-03 03:00:00,-3979.977499997709
2023-02-03 06:00:00,-3979.9774999977
2023-02-03 09:00:00,-3979.9774999976944
2023-02-03 12:00:00,-3979.9774999977
2023-02-03 15:00:00,-1670.4039088209975
2023-02-03 18:00:00,-1968.1836882619393
2023-02-03 21:00:00,0.0
2023-02-04 00:00:00,0.0
2023-02-04 03:00:00,0.0
2023-02-04 06:00:00,1741.127499666618
2023-02-04 09:00:00,2715.1237799465853
2023-02-04 12:00:00,0.0
2023-02-04 15:00:00,9549.945617310059
2023-02-04 18:00:00,9900.0
2023-02-04 21:00:00,-1829.0859340614938
2023-02-05 00:00:00,-3979.9774999977
2023-02-05 03:00:00,-3979.9774999977
2023-02-05 06:00:00,-3979.9774999976944
2023-02-05 09:00:00,-3979.977499997709
2023-02-05 12:00:00,9900.0
2023-02-05 15:00:00,9900.0
2023-02-05 18:00:00,9900.0
2023-02-05 21:00:00,9900.0
2023-02-06 00:00:00,9900.0
2023-02-06 03:00:00,9900.0
2023-02-06 06:00:00,9900.0
2023-02-06 09:00:00,9900.0
2023-02-06 12:00:00,5339.909461599353
2023-02-06 15:00:00,6573.610152175035
2023-02-06 18:00:00,-535.9036493266867
2023-02-06 21:00:00,-804.5374342348296
2023-02-07 00:00:00,-2776.4453625945207
2023-02-07 03:00:00,-3979.9774999977
2023-02-07 06:00:00,-3979.9774999977
2023-02-07 09:00:00,-3979.9774999977
2023-02-07 12:00:00,-3979.9774999977
2023-02-07 15:00:00,-3979.9774999977
2023-02-07 18:00:00,-3979.9774999977
2023-02-07 21:00:00,-3979.9774999977017
2023-02-08 00:00:00,-3979.9774999977017
2023-02-08 03:00:00,-3979.9774999977017
2023-02-08 06:00:00,-3847.709615530308
2023-02-08 09:00:00,-3979.9774999977
2023-02-08 12:00:00,-3979.9774999976944
2023-02-08 15:00:00,-3979.9774999977
2023-02-08 18:00:00,-3979.9774999977
2023-02-08 21:00:00,-3979.9774999977
2023-02-09 00:00:00,-3979.9774999977
2023-02-09 03:00:00,-3979.977499997709
2023-02-09 06:00:00,-3979.9774999976944
2023-02-09 09:00:00,-3979.9774999976944
2023-02-09 12:00:00,-3979.9774999977
2023-02-09 15:00:00,-3979.977499997709
2023-02-09 18:00:00,-3979.9774999977
2023-02-09 21:00:00,-3979.977499997709
2023-02-10 00:00:00,-3979.9774999977
2023-02-10 03:00:00,-3979.977499997709
2023-02-10 06:00:00,-3979.9774999977
2023-02-10 09:00:00,-3979.9774999977
2023-02-10 12:00:00,-3979.977499997709
2023-02-10 15:00:00,-3979.9774999977
2023-02-10 18:00:00,-3979.977499997709
2023-02-10 21:00:00,-3979.9774999977
2023-02-11 00:00:00,-3979.97749999768
2023-02-11 03:00:00,-3979.9774999977
2023-02-11 06:00:00,-3979.977499997709
2023-02-11 09:00:00,-3979.9774999977
2023-02-11 12:00:00,-1121.4946362883493
2023-02-11 15:00:00,0.0
2023-02-11 18:00:00,6914.792731665395
2023-02-11 21:00:00,0.0
2023-02-12 00:00:00,0.0
2023-02-12 03:00:00,-1401.7745106780494
2023-02-12 06:00:00,-3833.3138513356052
2023-02-12 09:00:00,-3979.977499997709
2023-02-12 12:00:00,-3979.9774999977
2023-02-12 15:00:00,-3979.97749999768
2023-02-12 18:00:00,-3979.9774999977
2023-02-12 21:00:00,-3979.9774999977
2023-02-13 00:00:00,-3979.9774999977
2023-02-13 03:00:00,-3979.977499997709
2023-02-13 06:00:00,-3979.97749999768
2023-02-13 09:00:00,-3979.9774999977
2023-02-13 12:00:00,-3979.977499997709
2023-02-13 15:00:00,-1638.623962784824
2023-02-13 18:00:00,0.0
2023-02-13 21:00:00,0.0
2023-02-14 00:00:00,0.0
2023-02-14 03:00:00,0.0
2023-02-14 06:00:00,8369.154201680689
2023-02-14 09:00:00,5318.904529679945
2023-02-14 12:00:00,6990.484870705492
2023-02-14 15:00:00,9900.0
2023-02-14 18:00:00,9900.0
2023-02-14 21:00:00,7785.658669167897
2023-02-15 00:00:00,8415.70001536707
2023-02-15 03:00:00,7224.297600374002
2023-02-15 06:00:00,8337.017458144204
2023-02-15 09:00:00,7407.071061587241
2023-02-15 12:00:00,6381.860510284008
2023-02-15 15:00:00,9900.0
2023-02-15 18:00:00,5635.645157351391
2023-02-15 21:00:00,-1518.2114379360282
2023-02-16 00:00:00,-3050.6616343630158
2023-02-16 03:00:00,0.0
2023-02-16 06:00:00,0.0
2023-02-16 09:00:00,0.0
2023-02-16 12:00:00,-3979.9774999977
2023-02-16 15:00:00,-961.2662962514485
2023-02-16 18:00:00,-2916.7537717086707
2023-02-16 21:00:00,-3432.6314553080892
2023-02-17 00:00:00,-2198.193361146128
2023-02-17 03:00:00,-2861.6729886922694
2023-02-17 06:00:00,-3979.977499997709
2023-02-17 09:00:00,-3979.9774999977
2023-02-17 12:00:00,-3979.977499997709
2023-02-17 15:00:00,-3979.9774999977
2023-02-17 18:00:00,-3979.977499997709
2023-02-17 21:00:00,-3979.9774999977
2023-02-18 00:00:00,-3979.977499997709
2023-02-18 03:00:00,-3979.9774999977
2023-02-18 06:00:00,-3979.9774999977
2023-02-18 09:00:00,-3979.977499997709
2023-02-18 12:00:00,-3979.9774999977
2023-02-18 15:00:00,-3979.97749999768
2023-02-18 18:00:00,-3979.9774999977
2023-02-18 21:00:00,-3262.701104154752
2023-02-19 00:00:00,-777.6980010730013
2023-02-19 03:00:00,-8.80353124361136
2023-02-19 06:00:00,-828.8310299912246
2023-02-19 09:00:00,-3979.977499997709
2023-02-19 12:00:00,-3979.9774999977
2023-02-19 15:00:00,-3979.977499997709
2023-02-19 18:00:00,-3979.977499997709
2023-02-19 21:00:00,-3979.9774999977
2023-02-20 00:00:00,-3979.97749999768
2023-02-20 03:00:00,-3979.9774999977
2023-02-20 06:00:00,-3979.977499997709
2023-02-20 09:00:00,-3979.9774999977
2023-02-20 12:00:00,-3979.97749999768
2023-02-20 15:00:00,-3979.9774999977
2023-02-20 18:00:00,-3979.9774999977
2023-02-20 21:00:00,-3979.9774999977
2023-02-21 00:00:00,-3979.97749999768
2023-02-21 03:00:00,-3979.97749999768
2023-02-21 06:00:00,-3979.97749999768
2023-02-21 09:00:00,-3349.9331686600344
2023-02-21 12:00:00,-2526.738082473288
2023-02-21 15:00:00,0.0
2023-02-21 18:00:00,0.0
2023-02-21 21:00:00,0.0
2023-02-22 00:00:00,0.0
2023-02-22 03:00:00,0.0
2023-02-22 06:00:00,-218.8156408261275
2023-02-22 09:00:00,-2361.3697527177574
2023-02-22 12:00:00,-3979.97749999768
2023-02-22 15:00:00,-3979.977499997709
2023-02-22 18:00:00,-3979.9774999976507
2023-02-22 21:00:00,-3979.9774999977
2023-02-23 00:00:00,-3979.9774999977
2023-02-23 03:00:00,-3979.9774999977
2023-02-23 06:00:00,-445.07137186468356
2023-02-23 09:00:00,7535.095477359462
2023-02-23 12:00:00,9900.0
2023-02-23 15:00:00,9900.00000000003
2023-02-23 18:00:00,9900.0
2023-02-23 21:00:00,9900.0
2023-02-24 00:00:00,5333.05981629045
2023-02-24 03:00:00,-3221.4171460342754
2023-02-24 06:00:00,-3979.97749999768
2023-02-24 09:00:00,7813.991595801153
2023-02-24 12:00:00,1953.3863243100766
2023-02-24 15:00:00,-3979.9774999977
2023-02-24 18:00:00,-3979.9774999977
2023-02-24 21:00:00,-3979.97749999768
2023-02-25 00:00:00,-3979.97749999768
2023-02-25 03:00:00,-3979.97749999768
2023-02-25 06:00:00,-3979.9774999977
2023-02-25 09:00:00,-3979.97749999768
2023-02-25 12:00:00,-3979.9774999977
2023-02-25 15:00:00,-3979.977499997709
2023-02-25 18:00:00,-2048.0826216078103
2023-02-25 21:00:00,-3403.0715691401274
2023-02-26 00:00:00,-3979.9774999977
2023-02-26 03:00:00,-3979.9774999977
2023-02-26 06:00:00,-2858.7881099375663
2023-02-26 09:00:00,-3497.2792038184134
2023-02-26 12:00:00,-2396.4546241511707
2023-02-26 15:00:00,-346.0193577411046
2023-02-26 18:00:00,0.0
2023-02-26 21:00:00,3987.6718643367767
2023-02-27 00:00:00,9391.334198898985
2023-02-27 03:00:00,6348.120185447864
2023-02-27 06:00:00,9900.00000000003
2023-02-27 09:00:00,5018.801343171528
2023-02-27 12:00:00,-2.9103830456733704e-11
2023-02-27 15:00:00,856.9019136315619
2023-02-27 18:00:00,9900.0
2023-02-27 21:00:00,9900.00000000003
2023-02-28 00:00:00,9900.0
2023-02-28 03:00:00,9900.0
2023-02-28 06:00:00,9900.0
2023-02-28 09:00:00,7432.315008674341
2023-02-28 12:00:00,4236.033192858718
2023-02-28 15:00:00,9900.0
2023-02-28 18:00:00,9900.0
2023-02-28 21:00:00,9900.0
2023-03-01 00:00:00,2452.8565390586155
2023-03-01 03:00:00,5509.110505026561
2023-03-01 06:00:00,9183.620312337356
2023-03-01 09:00:00,2242.619556076158
2023-03-01 12:00:00,0.0
2023-03-01 15:00:00,0.0
2023-03-01 18:00:00,0.0
2023-03-01 21:00:00,3559.871839419705
2023-03-02 00:00:00,4979.4196509090225
2023-03-02 03:00:00,6347.6431461354805
2023-03-02 06:00:00,9900.0
2023-03-02 09:00:00,4693.375638656566
2023-03-02 12:00:00,0.0
2023-03-02 15:00:00,0.0
2023-03-02 18:00:00,-25.37258800579002
2023-03-02 21:00:00,4811.620894961177
2023-03-03 00:00:00,9900.0
2023-03-03 03:00:00,9900.0
2023-03-03 06:00:00,9900.0
2023-03-03 09:00:00,-350.3326919726989
2023-03-03 12:00:00,-3979.9774999976944
2023-03-03 15:00:00,-3979.977499997709
2023-03-03 18:00:00,-3979.9774999976944
2023-03-03 21:00:00,-3979.977499997709
2023-03-04 00:00:00,-3979.9774999977
2023-03-04 03:00:00,-3979.9774999976944
2023-03-04 06:00:00,-3979.9774999977
2023-03-04 09:00:00,-3979.9774999976944
2023-03-04 12:00:00,-3979.9774999977
2023-03-04 15:00:00,-3979.9774999977
2023-03-04 18:00:00,-3979.977499997709
2023-03-04 21:00:00,-3979.9774999976944
2023-03-05 00:00:00,-3610.5369077411597
2023-03-05 03:00:00,0.0
2023-03-05 06:00:00,-1.4551915228366852e-11
2023-03-05 09:00:00,-3979.9774999977
2023-03-05 12:00:00,-3979.977499997709
2023-03-05 15:00:00,-3979.9774999977
2023-03-05 18:00:00,-3073.533262213052
2023-03-05 21:00:00,9900.0
2023-03-06 00:00:00,9900.0
2023-03-06 03:00:00,9900.000000000015
2023-03-06 06:00:00,9900.0
2023-03-06 09:00:00,9900.0
2023-03-06 12:00:00,9900.0
2023-03-06 15:00:00,9900.0
2023-03-06 18:00:00,9900.0
2023-03-06 21:00:00,9900.0
2023-03-07 00:00:00,-1261.7777086702158
2023-03-07 03:00:00,-3979.9774999977017
2023-03-07 06:00:00,-3979.9774999977
2023-03-07 09:00:00,-3979.977499997687
2023-03-07 12:00:00,-3979.977499997709
2023-03-07 15:00:00,-3979.9774999977
2023-03-07 18:00:00,-3979.9774999976944
2023-03-07 21:00:00,-3979.9774999977
2023-03-08 00:00:00,-3979.9774999976944
2023-03-08 03:00:00,-3979.9774999977
2023-03-08 06:00:00,-280.49372951846453
2023-03-08 09:00:00,-2569.37804301751
2023-03-08 12:00:00,-3950.931796395351
2023-03-08 15:00:00,-855.8078954506184
2023-03-08 18:00:00,0.0
2023-03-08 21:00:00,0.0
2023-03-09 00:00:00,-3078.069107157062
2023-03-09 03:00:00,-3979.977499997709
2023-03-09 06:00:00,-3979.9774999977
2023-03-09 09:00:00,-3979.977499997709
2023-03-09 12:00:00,-3979.9774999977
2023-03-09 15:00:00,4951.122180175788
2023-03-09 18:00:00,9900.0
2023-03-09 21:00:00,9900.0
2023-03-10 00:00:00,9900.0
2023-03-10 03:00:00,8585.802284525984
2023-03-10 06:00:00,8399.999999999993
2023-03-10 09:00:00,8249.63286640837
2023-03-10 12:00:00,6773.558808430062
2023-03-10 15:00:00,8296.08457414784
2023-03-10 18:00:00,8400.0
2023-03-10 21:00:00,8400.0
2023-03-11 00:00:00,8400.0
2023-03-11 03:00:00,8400.0
2023-03-11 06:00:00,8400.0
2023-03-11 09:00:00,-337.4471779172704
2023-03-11 12:00:00,-3979.9774999977
2023-03-11 15:00:00,-3979.977499997699
2023-03-11 18:00:00,-3979.9774999977
2023-03-11 21:00:00,-3979.9774999977
2023-03-12 00:00:00,-3979.9774999977
2023-03-12 03:00:00,-3979.9774999977
2023-03-12 06:00:00,-3979.9774999977017
2023-03-12 09:00:00,-3979.9774999977
2023-03-12 12:00:00,-3979.9774999977
2023-03-12 15:00:00,-1204.0522628688705
2023-03-12 18:00:00,-3979.9774999977017
2023-03-12 21:00:00,-3979.9774999977017
2023-03-13 00:00:00,-3979.9774999977
2023-03-13 03:00:00,-3979.9774999977017
2023-03-13 06:00:00,-3979.9774999977
2023-03-13 09:00:00,-3979.9774999977017
2023-03-13 12:00:00,-3979.9774999977
2023-03-13 15:00:00,-3979.9774999976944
2023-03-13 18:00:00,-3979.9774999977
2023-03-13 21:00:00,-3979.9774999976944
2023-03-14 00:00:00,-3979.977499997709
2023-03-14 03:00:00,-3979.9774999977
2023-03-14 06:00:00,-3979.977499997709
2023-03-14 09:00:00,-3979.9774999977
2023-03-14 12:00:00,-3979.977499997709
2023-03-14 15:00:00,-3979.9774999977
2023-03-14 18:00:00,-3979.977499997709
2023-03-14 21:00:00,-3979.9774999977
2023-03-15 00:00:00,-3979.977499997709
2023-03-15 03:00:00,-3979.9774999977
2023-03-15 06:00:00,-3979.977499997709
2023-03-15 09:00:00,-3979.977499997709
2023-03-15 12:00:00,-3979.9774999977
2023-03-15 15:00:00,-3979.977499997709
2023-03-15 18:00:00,9900.0
2023-03-15 21:00:00,9900.000000000015
2023-03-16 00:00:00,9900.0
2023-03-16 03:00:00,9900.0
2023-03-16 06:00:00,9900.0
2023-03-16 09:00:00,-436.2256532323046
2023-03-16 12:00:00,-3508.857141260457
2023-03-16 15:00:00,-3979.9774999976944
2023-03-16 18:00:00,-3979.9774999976944
2023-03-16 21:00:00,-3979.977499997709
2023-03-17 00:00:00,-3979.9774999976944
2023-03-17 03:00:00,-3979.9774999977
2023-03-17 06:00:00,-3979.9774999976944
2023-03-17 09:00:00,-3979.9774999977
2023-03-17 12:00:00,-3979.9774999977
2023-03-17 15:00:00,-3979.9774999977
2023-03-17 18:00:00,-3979.9774999977
2023-03-17 21:00:00,-3979.9774999977235
2023-03-18 00:00:00,-3121.925542042445
2023-03-18 03:00:00,4303.598323118727
2023-03-18 06:00:00,9001.790335750775
2023-03-18 09:00:00,9899.999999999985
2023-03-18 12:00:00,9900.000000000015
2023-03-18 15:00:00,9900.0
2023-03-18 18:00:00,9900.0
2023-03-18 21:00:00,9900.0
2023-03-19 00:00:00,9900.0
2023-03-19 03:00:00,9900.0
2023-03-19 06:00:00,7518.778480027177
2023-03-19 09:00:00,5341.266042279909
2023-03-19 12:00:00,1200.232959401219
2023-03-19 15:00:00,2153.6573752793847
2023-03-19 18:00:00,-338.80407227854903
2023-03-19 21:00:00,-1148.7572480216913
2023-03-20 00:00:00,-1938.2288198260362
2023-03-20 03:00:00,-3979.9774999977017
2023-03-20 06:00:00,-3979.9774999977
2023-03-20 09:00:00,-3979.9774999977
2023-03-20 12:00:00,-3979.9774999977017
2023-03-20 15:00:00,-3979.9774999976944
2023-03-20 18:00:00,9900.0
2023-03-20 21:00:00,9900.0
2023-03-21 00:00:00,9900.0
2023-03-21 03:00:00,9900.0
2023-03-21 06:00:00,9900.0
2023-03-21 09:00:00,5940.076701114269
2023-03-21 12:00:00,0.0
2023-03-21 15:00:00,3293.795200363462
2023-03-21 18:00:00,-3979.9774999977
2023-03-21 21:00:00,-3979.9774999977
2023-03-22 00:00:00,-3979.9774999977
2023-03-22 03:00:00,-3979.977499997698
2023-03-22 06:00:00,-3979.9774999977
2023-03-22 09:00:00,-3979.9774999977017
2023-03-22 12:00:00,-3979.9774999977
2023-03-22 15:00:00,-3979.9774999977017
2023-03-22 18:00:00,-3979.9774999977
2023-03-22 21:00:00,-3979.9774999977017
2023-03-23 00:00:00,-3979.9774999977
2023-03-23 03:00:00,-3979.9774999977017
2023-03-23 06:00:00,-3979.9774999977017
2023-03-23 09:00:00,-3979.9774999977017
2023-03-23 12:00:00,-3979.9774999976944
2023-03-23 15:00:00,-3979.9774999977
2023-03-23 18:00:00,-3979.977499997709
2023-03-23 21:00:00,-3979.9774999977
2023-03-24 00:00:00,-3979.977499997709
2023-03-24 03:00:00,-3979.9774999977
2023-03-24 06:00:00,-3979.9774999977
2023-03-24 09:00:00,-3979.9774999977
2023-03-24 12:00:00,-3979.9774999976944
2023-03-24 15:00:00,-3979.9774999976944
2023-03-24 18:00:00,-3979.9774999976944
2023-03-24 21:00:00,-3979.9774999976944
2023-03-25 00:00:00,-3979.9774999977
2023-03-25 03:00:00,-3979.9774999976944
2023-03-25 06:00:00,-3979.9774999977
2023-03-25 09:00:00,-3979.9774999977
2023-03-25 12:00:00,-1533.8476826363913
2023-03-25 15:00:00,0.0
2023-03-25 18:00:00,6210.378167103976
2023-03-25 21:00:00,0.0
2023-03-26 00:00:00,-2438.0085374256887
2023-03-26 03:00:00,-1518.6861185854796
2023-03-26 06:00:00,-2750.574250428632
2023-03-26 09:00:00,-2330.469826871209
2023-03-26 12:00:00,0.0
2023-03-26 15:00:00,0.0
2023-03-26 18:00:00,668.7044857193873
2023-03-26 21:00:00,9900.0
2023-03-27 00:00:00,7452.769740233209
2023-03-27 03:00:00,9900.0
2023-03-27 06:00:00,9900.0
2023-03-27 09:00:00,2286.89079067687
2023-03-27 12:00:00,-110.45088894400396
2023-03-27 15:00:00,-339.1983467101166
2023-03-27 18:00:00,0.0
2023-03-27 21:00:00,-488.7935722708281
2023-03-28 00:00:00,0.0
2023-03-28 03:00:00,0.0
2023-03-28 06:00:00,0.0
2023-03-28 09:00:00,-1902.9420819026127
2023-03-28 12:00:00,-3979.9774999977
2023-03-28 15:00:00,-174.72638345346786
2023-03-28 18:00:00,0.0
2023-03-28 21:00:00,-3979.9774999976944
2023-03-29 00:00:00,-3979.9774999977
2023-03-29 03:00:00,-3979.9774999976944
2023-03-29 06:00:00,-2230.684417918975
2023-03-29 09:00:00,0.0
2023-03-29 12:00:00,741.4331026157416
2023-03-29 15:00:00,0.0
2023-03-29 18:00:00,0.0
2023-03-29 21:00:00,-712.1632552721674
2023-03-30 00:00:00,-434.11689537887287
2023-03-30 03:00:00,-3629.865865602039
2023-03-30 06:00:00,-3979.9774999976944
2023-03-30 09:00:00,-3979.9774999977
2023-03-30 12:00:00,-3979.977499997709
2023-03-30 15:00:00,-3979.9774999977
2023-03-30 18:00:00,-3979.9774999977
2023-03-30 21:00:00,-3979.9774999977
2023-03-31 00:00:00,-3979.977499997709
2023-03-31 03:00:00,-3979.977499997709
2023-03-31 06:00:00,-3979.977499997709
2023-03-31 09:00:00,-3979.977499997709
2023-03-31 12:00:00,-3979.9774999977
2023-03-31 15:00:00,-3979.977499997709
2023-03-31 18:00:00,-3979.9774999977
2023-03-31 21:00:00,-3979.9774999977
2023-04-01 00:00:00,-3979.9774999977
2023-04-01 03:00:00,-3979.9774999977
2023-04-01 06:00:00,-3979.9774999977
2023-04-01 09:00:00,-3979.977499997709
2023-04-01 12:00:00,-3979.977499997709
2023-04-01 15:00:00,-3979.97749999768
2023-04-01 18:00:00,-1878.0187578776968
2023-04-01 21:00:00,0.0
2023-04-02 00:00:00,0.0
2023-04-02 03:00:00,0.0
2023-04-02 06:00:00,0.0
2023-04-02 09:00:00,-3724.01105015771
2023-04-02 12:00:00,-3979.9774999977
2023-04-02 15:00:00,-1693.9838214087067
2023-04-02 18:00:00,8955.934735760064
2023-04-02 21:00:00,9900.0
2023-04-03 00:00:00,6322.484969054873
2023-04-03 03:00:00,9900.0
2023-04-03 06:00:00,9900.0
2023-04-03 09:00:00,0.0
2023-04-03 12:00:00,0.0
2023-04-03 15:00:00,1588.1687292598085
2023-04-03 18:00:00,9900.0
2023-04-03 21:00:00,9900.0
2023-04-04 00:00:00,9900.000000000015
2023-04-04 03:00:00,9900.0
2023-04-04 06:00:00,9900.0
2023-04-04 09:00:00,9900.0
2023-04-04 12:00:00,3578.5884048620255
2023-04-04 15:00:00,8991.385521215183
2023-04-04 18:00:00,9900.0
2023-04-04 21:00:00,9900.0
2023-04-05 00:00:00,9900.0
2023-04-05 03:00:00,9900.0
2023-04-05 06:00:00,9899.999999999996
2023-04-05 09:00:00,0.0
2023-04-05 12:00:00,-3039.51705471033
2023-04-05 15:00:00,-591.2822296403447
2023-04-05 18:00:00,605.0081282040846
2023-04-05 21:00:00,3247.1733619340853
2023-04-06 00:00:00,8829.13111393161
2023-04-06 03:00:00,9589.189612602077
2023-04-06 06:00:00,9900.0
2023-04-06 09:00:00,3152.8626738957246
2023-04-06 12:00:00,0.0
2023-04-06 15:00:00,0.0
2023-04-06 18:00:00,0.0
2023-04-06 21:00:00,0.0
2023-04-07 00:00:00,0.0
2023-04-07 03:00:00,0.0
2023-04-07 06:00:00,0.0
2023-04-07 09:00:00,-2064.416750020851
2023-04-07 12:00:00,-3910.836358839124
2023-04-07 15:00:00,0.0
2023-04-07 18:00:00,0.0
2023-04-07 21:00:00,0.0
2023-04-08 00:00:00,0.0
2023-04-08 03:00:00,0.0
2023-04-08 06:00:00,0.0
2023-04-08 09:00:00,0.0
2023-04-08 12:00:00,-3642.6499853475852
2023-04-08 15:00:00,-585.4790826290466
2023-04-08 18:00:00,0.0
2023-04-08 21:00:00,0.0
2023-04-09 00:00:00,0.0
2023-04-09 03:00:00,0.0
2023-04-09 06:00:00,0.0
2023-04-09 09:00:00,0.0
2023-04-09 12:00:00,-917.7961387945779
2023-04-09 15:00:00,0.0
2023-04-09 18:00:00,2726.133164891138
2023-04-09 21:00:00,3364.9673638246186
2023-04-10 00:00:00,0.0
2023-04-10 03:00:00,0.0
2023-04-10 06:00:00,0.0
2023-04-10 09:00:00,-2258.9198544841483
2023-04-10 12:00:00,-3973.0545962400574
2023-04-10 15:00:00,-63.95155016686658
2023-04-10 18:00:00,-3979.977499997698
2023-04-10 21:00:00,0.0
2023-04-11 00:00:00,-3979.9774999977
2023-04-11 03:00:00,0.0
2023-04-11 06:00:00,-3979.9774999977
2023-04-11 09:00:00,-2273.823247647262
2023-04-11 12:00:00,0.0
2023-04-11 15:00:00,0.0
2023-04-11 18:00:00,0.0
2023-04-11 21:00:00,0.0
2023-04-12 00:00:00,5104.582286585566
2023-04-12 03:00:00,9900.0
2023-04-12 06:00:00,3156.4860283635207
2023-04-12 09:00:00,-1213.8542509026556
2023-04-12 12:00:00,0.0
2023-04-12 15:00:00,0.0
2023-04-12 18:00:00,0.0
2023-04-12 21:00:00,0.0
2023-04-13 00:00:00,-3979.9774999977
2023-04-13 03:00:00,0.0
2023-04-13 06:00:00,0.0
2023-04-13 09:00:00,0.0
2023-04-13 12:00:00,0.0
2023-04-13 15:00:00,0.0
2023-04-13 18:00:00,0.0
2023-04-13 21:00:00,0.0
2023-04-14 00:00:00,0.0
2023-04-14 03:00:00,0.0
2023-04-14 06:00:00,3542.546963142163
2023-04-14 09:00:00,-622.2623725881674
2023-04-14 12:00:00,0.0
2023-04-14 15:00:00,0.0
2023-04-14 18:00:00,0.0
2023-04-14 21:00:00,0.0
2023-04-15 00:00:00,0.0
2023-04-15 03:00:00,0.0
2023-04-15 06:00:00,-3979.9774999977
2023-04-15 09:00:00,0.0
2023-04-15 12:00:00,0.0
2023-04-15 15:00:00,0.0
2023-04-15 18:00:00,-275.66759636648203
2023-04-15 21:00:00,1.8189894035458565e-12
2023-04-16 00:00:00,0.0
2023-04-16 03:00:00,0.0
2023-04-16 06:00:00,0.0
2023-04-16 09:00:00,0.0
2023-04-16 12:00:00,-1674.260666200969
2023-04-16 15:00:00,0.0
2023-04-16 18:00:00,0.0
2023-04-16 21:00:00,0.0
2023-04-17 00:00:00,0.0
2023-04-17 03:00:00,0.0
2023-04-17 06:00:00,0.0
2023-04-17 09:00:00,-1844.3406704977551
2023-04-17 12:00:00,-3979.9774999977017
2023-04-17 15:00:00,-1306.422093756777
2023-04-17 18:00:00,0.0
2023-04-17 21:00:00,0.0
2023-04-18 00:00:00,0.0
2023-04-18 03:00:00,0.0
2023-04-18 06:00:00,0.0
2023-04-18 09:00:00,-1900.6544963971246
2023-04-18 12:00:00,-3979.9774999977017
2023-04-18 15:00:00,-1284.5433162807167
2023-04-18 18:00:00,0.0
2023-04-18 21:00:00,0.0
2023-04-19 00:00:00,0.0
2023-04-19 03:00:00,0.0
2023-04-19 06:00:00,0.0
2023-04-19 09:00:00,-1836.182543224742
2023-04-19 12:00:00,-3979.9774999977
2023-04-19 15:00:00,-1244.0763655648477
2023-04-19 18:00:00,-3979.9774999977017
2023-04-19 21:00:00,0.0
2023-04-20 00:00:00,0.0
2023-04-20 03:00:00,0.0
2023-04-20 06:00:00,0.0
2023-04-20 09:00:00,-2130.1906004113844
2023-04-20 12:00:00,-3606.7212089025843
2023-04-20 15:00:00,0.0
2023-04-20 18:00:00,0.0
2023-04-20 21:00:00,0.0
2023-04-21 00:00:00,0.0
2023-04-21 03:00:00,681.9259239688988
2023-04-21 06:00:00,2442.686592518483
2023-04-21 09:00:00,0.0
2023-04-21 12:00:00,-648.0818941952457
2023-04-21 15:00:00,0.0
2023-04-21 18:00:00,0.0
2023-04-21 21:00:00,0.0
2023-04-22 00:00:00,0.0
2023-04-22 03:00:00,0.0
2023-04-22 06:00:00,3540.3622248788142
2023-04-22 09:00:00,-3589.8486536165074
2023-04-22 12:00:00,-3979.9774999977017
2023-04-22 15:00:00,-2578.0714847100026
2023-04-22 18:00:00,0.0
2023-04-22 21:00:00,0.0
2023-04-23 00:00:00,0.0
2023-04-23 03:00:00,0.0
2023-04-23 06:00:00,0.0
2023-04-23 09:00:00,0.0
2023-04-23 12:00:00,0.0
2023-04-23 15:00:00,0.0
2023-04-23 18:00:00,0.0
2023-04-23 21:00:00,0.0
2023-04-24 00:00:00,0.0
2023-04-24 03:00:00,0.0
2023-04-24 06:00:00,-3979.9774999977017
2023-04-24 09:00:00,0.0
2023-04-24 12:00:00,0.0
2023-04-24 15:00:00,0.0
2023-04-24 18:00:00,0.0
2023-04-24 21:00:00,0.0
2023-04-25 00:00:00,0.0
2023-04-25 03:00:00,0.0
2023-04-25 06:00:00,2797.232672133614
2023-04-25 09:00:00,0.0
2023-04-25 12:00:00,0.0
2023-04-25 15:00:00,0.0
2023-04-25 18:00:00,0.0
2023-04-25 21:00:00,0.0
2023-04-26 00:00:00,0.0
2023-04-26 03:00:00,0.0
2023-04-26 06:00:00,7379.750530818943
2023-04-26 09:00:00,-793.7321234552655
2023-04-26 12:00:00,-3944.7110827263314
2023-04-26 15:00:00,-721.1615753858568
2023-04-26 18:00:00,0.0
2023-04-26 21:00:00,-3979.9774999976944
2023-04-27 00:00:00,-3979.9774999977
2023-04-27 03:00:00,-3979.9774999977017
2023-04-27 06:00:00,-3979.9774999977
2023-04-27 09:00:00,-3979.9774999977
2023-04-27 12:00:00,-3979.9774999977
2023-04-27 15:00:00,-3979.977499997709
2023-04-27 18:00:00,-475.43248787205084
2023-04-27 21:00:00,0.0
2023-04-28 00:00:00,570.1577653032437
2023-04-28 03:00:00,4308.299246370711
2023-04-28 06:00:00,7146.615519945481
2023-04-28 09:00:00,0.0
2023-04-28 12:00:00,0.0
2023-04-28 15:00:00,0.0
2023-04-28 18:00:00,2364.5294124095526
2023-04-28 21:00:00,7581.972568175042
2023-04-29 00:00:00,9900.0
2023-04-29 03:00:00,7334.162152768367
2023-04-29 06:00:00,1861.9572709906795
2023-04-29 09:00:00,0.0
2023-04-29 12:00:00,-2863.753820365375
2023-04-29 15:00:00,-2315.9036912987212
2023-04-29 18:00:00,0.0
2023-04-29 21:00:00,0.0
2023-04-30 00:00:00,0.0
2023-04-30 03:00:00,0.0
2023-04-30 06:00:00,0.0
2023-04-30 09:00:00,-2973.791249585236
2023-04-30 12:00:00,-3979.9774999977017
2023-04-30 15:00:00,-2228.92488698215
2023-04-30 18:00:00,1.5279510989785194e-10
2023-04-30 21:00:00,0.0
2023-05-01 00:00:00,0.0
2023-05-01 03:00:00,0.0
2023-05-01 06:00:00,0.0
2023-05-01 09:00:00,0.0
2023-05-01 12:00:00,0.0
2023-05-01 15:00:00,0.0
2023-05-01 18:00:00,0.0
2023-05-01 21:00:00,0.0
2023-05-02 00:00:00,0.0
2023-05-02 03:00:00,0.0
2023-05-02 06:00:00,0.0
2023-05-02 09:00:00,0.0
2023-05-02 12:00:00,-463.0566071443196
2023-05-02 15:00:00,0.0
2023-05-02 18:00:00,0.0
2023-05-02 21:00:00,0.0
2023-05-03 00:00:00,583.2806533618495
2023-05-03 03:00:00,678.0550707714283
2023-05-03 06:00:00,9900.0
2023-05-03 09:00:00,0.0
2023-05-03 12:00:00,-1982.0583643924347
2023-05-03 15:00:00,-1689.8858031500827
2023-05-03 18:00:00,0.0
2023-05-03 21:00:00,0.0
2023-05-04 00:00:00,5725.841147778559
2023-05-04 03:00:00,-3599.102374530412
2023-05-04 06:00:00,0.0
2023-05-04 09:00:00,-3167.8692292490596
2023-05-04 12:00:00,-2475.9011267919923
2023-05-04 15:00:00,-3979.9774999977
2023-05-04 18:00:00,-3979.9774999977017
2023-05-04 21:00:00,0.0
2023-05-05 00:00:00,-7.275957614183426e-12
2023-05-05 03:00:00,0.0
2023-05-05 06:00:00,0.0
2023-05-05 09:00:00,-1936.2357981512887
2023-05-05 12:00:00,-3979.9774999977017
2023-05-05 15:00:00,-2266.258912283818
2023-05-05 18:00:00,0.0
2023-05-05 21:00:00,-3979.977499997709
2023-05-06 00:00:00,-3979.9774999977
2023-05-06 03:00:00,-3979.9774999976944
2023-05-06 06:00:00,-3979.9774999977
2023-05-06 09:00:00,-3979.9774999976944
2023-05-06 12:00:00,-2952.365991603477
2023-05-06 15:00:00,0.0
2023-05-06 18:00:00,841.6167344471178
2023-05-06 21:00:00,0.0
2023-05-07 00:00:00,0.0
2023-05-07 03:00:00,0.0
2023-05-07 06:00:00,0.0
2023-05-07 09:00:00,-2744.8502279992103
2023-05-07 12:00:00,-1914.499139538122
2023-05-07 15:00:00,0.0
2023-05-07 18:00:00,0.0
2023-05-07 21:00:00,0.0
2023-05-08 00:00:00,0.0
2023-05-08 03:00:00,0.0
2023-05-08 06:00:00,0.0
2023-05-08 09:00:00,-3979.9774999976944
2023-05-08 12:00:00,-3979.9774999977
2023-05-08 15:00:00,-3979.9774999976944
2023-05-08 18:00:00,-1580.64519557141
2023-05-08 21:00:00,-3979.9774999976944
2023-05-09 00:00:00,-3979.9774999977
2023-05-09 03:00:00,-3979.9774999977
2023-05-09 06:00:00,-3979.9774999977
2023-05-09 09:00:00,-3979.9774999977
2023-05-09 12:00:00,-3979.977499997709
2023-05-09 15:00:00,-3979.9774999976944
2023-05-09 18:00:00,-3979.977499997709
2023-05-09 21:00:00,-3979.977499997709
2023-05-10 00:00:00,-3979.977499997709
2023-05-10 03:00:00,-3979.9774999977
2023-05-10 06:00:00,-3979.9774999977
2023-05-10 09:00:00,-3979.9774999977
2023-05-10 12:00:00,-3979.9774999977
2023-05-10 15:00:00,-3979.9774999977
2023-05-10 18:00:00,-3979.977499997709
2023-05-10 21:00:00,-3979.977499997709
2023-05-11 00:00:00,-3979.977499997709
2023-05-11 03:00:00,-3979.977499997709
2023-05-11 06:00:00,0.0
2023-05-11 09:00:00,-170.80033592996224
2023-05-11 12:00:00,0.0
2023-05-11 15:00:00,0.0
2023-05-11 18:00:00,432.81218981345523
2023-05-11 21:00:00,2555.9260294204832
2023-05-12 00:00:00,0.0
2023-05-12 03:00:00,0.0
2023-05-12 06:00:00,6707.750565571478
2023-05-12 09:00:00,0.0
2023-05-12 12:00:00,-723.3969712180044
2023-05-12 15:00:00,-129.39821822373779
2023-05-12 18:00:00,0.0
2023-05-12 21:00:00,0.0
2023-05-13 00:00:00,1517.1581384727713
2023-05-13 03:00:00,3426.8385920428846
2023-05-13 06:00:00,6405.222170591143
2023-05-13 09:00:00,-3042.818607684545
2023-05-13 12:00:00,-2488.331818456063
2023-05-13 15:00:00,0.0
2023-05-13 18:00:00,0.0
2023-05-13 21:00:00,0.0
2023-05-14 00:00:00,0.0
2023-05-14 03:00:00,-1685.2469584346607
2023-05-14 06:00:00,0.0
2023-05-14 09:00:00,-1100.6853564543576
2023-05-14 12:00:00,-1875.647351230873
2023-05-14 15:00:00,0.0
2023-05-14 18:00:00,0.0
2023-05-14 21:00:00,0.0
2023-05-15 00:00:00,0.0
2023-05-15 03:00:00,0.0
2023-05-15 06:00:00,0.0
2023-05-15 09:00:00,0.0
2023-05-15 12:00:00,0.0
2023-05-15 15:00:00,0.0
2023-05-15 18:00:00,0.0
2023-05-15 21:00:00,2522.563626741106
2023-05-16 00:00:00,9147.75969271647
2023-05-16 03:00:00,9900.0
2023-05-16 06:00:00,9900.00000000003
2023-05-16 09:00:00,-933.5450119072384
2023-05-16 12:00:00,-3979.977499997709
2023-05-16 15:00:00,-2875.00529184232
2023-05-16 18:00:00,0.0
2023-05-16 21:00:00,-1020.092410510762
2023-05-17 00:00:00,-3979.9774999977
2023-05-17 03:00:00,-3979.9774999977
2023-05-17 06:00:00,-3979.9774999977
2023-05-17 09:00:00,-3979.977499997709
2023-05-17 12:00:00,-3979.977499997709
2023-05-17 15:00:00,-3979.977499997709
2023-05-17 18:00:00,-3979.977499997709
2023-05-17 21:00:00,-194.2244754464773
2023-05-18 00:00:00,0.0
2023-05-18 03:00:00,0.0
2023-05-18 06:00:00,0.0
2023-05-18 09:00:00,-88.87291998827274
2023-05-18 12:00:00,-1135.0934875052685
2023-05-18 15:00:00,0.0
2023-05-18 18:00:00,0.0
2023-05-18 21:00:00,37.5153786460578
2023-05-19 00:00:00,4441.627062057902
2023-05-19 03:00:00,9900.0
2023-05-19 06:00:00,9500.924016642564
2023-05-19 09:00:00,0.0
2023-05-19 12:00:00,0.0
2023-05-19 15:00:00,0.0
2023-05-19 18:00:00,0.0
2023-05-19 21:00:00,0.0
2023-05-20 00:00:00,1324.6667512405838
2023-05-20 03:00:00,7555.485352397809
2023-05-20 06:00:00,5342.452037820534
2023-05-20 09:00:00,0.0
2023-05-20 12:00:00,-1349.042036898667
2023-05-20 15:00:00,0.0
2023-05-20 18:00:00,0.0
2023-05-20 21:00:00,0.0
2023-05-21 00:00:00,0.0
2023-05-21 03:00:00,0.0
2023-05-21 06:00:00,0.0
2023-05-21 09:00:00,0.0
2023-05-21 12:00:00,-1507.3502293037507
2023-05-21 15:00:00,0.0
2023-05-21 18:00:00,0.0
2023-05-21 21:00:00,0.0
2023-05-22 00:00:00,0.0
2023-05-22 03:00:00,0.0
2023-05-22 06:00:00,0.0
2023-05-22 09:00:00,0.0
2023-05-22 12:00:00,0.0
2023-05-22 15:00:00,0.0
2023-05-22 18:00:00,8133.851646549476
2023-05-22 21:00:00,9900.0
2023-05-23 00:00:00,-1601.2213902773074
2023-05-23 03:00:00,9900.0
2023-05-23 06:00:00,9900.0
2023-05-23 09:00:00,9875.878259695586
2023-05-23 12:00:00,9900.0
2023-05-23 15:00:00,9900.0
2023-05-23 18:00:00,9900.0
2023-05-23 21:00:00,9900.000000000007
2023-05-24 00:00:00,9900.0
2023-05-24 03:00:00,9900.0
2023-05-24 06:00:00,9900.0
2023-05-24 09:00:00,-1695.7789245818421
2023-05-24 12:00:00,-1773.4040984551455
2023-05-24 15:00:00,-3979.9774999977017
2023-05-24 18:00:00,-614.4840703670268
2023-05-24 21:00:00,-2433.8923402680084
2023-05-25 00:00:00,0.0
2023-05-25 03:00:00,-3979.9774999977
2023-05-25 06:00:00,-3472.206812801538
2023-05-25 09:00:00,-3979.9774999977017
2023-05-25 12:00:00,-3979.9774999977017
2023-05-25 15:00:00,-3979.9774999977017
2023-05-25 18:00:00,-3765.1194536638577
2023-05-25 21:00:00,-3979.9774999977
2023-05-26 00:00:00,-3979.9774999977
2023-05-26 03:00:00,-3979.9774999977
2023-05-26 06:00:00,-3979.9774999977
2023-05-26 09:00:00,-3979.9774999977
2023-05-26 12:00:00,-3979.977499997709
2023-05-26 15:00:00,-3979.9774999976944
2023-05-26 18:00:00,0.0
2023-05-26 21:00:00,0.0
2023-05-27 00:00:00,1091.1192343517032
2023-05-27 03:00:00,0.0
2023-05-27 06:00:00,0.0
2023-05-27 09:00:00,-3979.9774999977
2023-05-27 12:00:00,-3979.9774999977
2023-05-27 15:00:00,-3979.9774999977
2023-05-27 18:00:00,-66.9392621176187
2023-05-27 21:00:00,-1339.4080471693014
2023-05-28 00:00:00,-3979.977499997709
2023-05-28 03:00:00,-3979.9774999976944
2023-05-28 06:00:00,-3979.9774999977
2023-05-28 09:00:00,-3979.9774999976944
2023-05-28 12:00:00,-3979.9774999977
2023-05-28 15:00:00,-3979.977499997709
2023-05-28 18:00:00,0.0
2023-05-28 21:00:00,0.0
2023-05-29 00:00:00,0.0
2023-05-29 03:00:00,0.0
2023-05-29 06:00:00,0.0
2023-05-29 09:00:00,-666.768319207207
2023-05-29 12:00:00,-3979.977499997709
2023-05-29 15:00:00,-3979.9774999977
2023-05-29 18:00:00,0.0
2023-05-29 21:00:00,3129.792924844138
2023-05-30 00:00:00,1828.3802940712776
2023-05-30 03:00:00,7264.5082051190075
2023-05-30 06:00:00,6795.223460175475
2023-05-30 09:00:00,-2252.6324519755253
2023-05-30 12:00:00,-3979.9774999976944
2023-05-30 15:00:00,-1975.6787296849361
2023-05-30 18:00:00,0.0
2023-05-30 21:00:00,-3209.330297337321
2023-05-31 00:00:00,-3979.9774999977
2023-05-31 03:00:00,-1401.3411679797136
2023-05-31 06:00:00,0.0
2023-05-31 09:00:00,-859.3887012640189
2023-05-31 12:00:00,-3979.9774999977
2023-05-31 15:00:00,-3979.9774999977
2023-05-31 18:00:00,0.0
2023-05-31 21:00:00,0.0
2023-06-01 00:00:00,649.3275274787738
2023-06-01 03:00:00,0.0
2023-06-01 06:00:00,-3979.977499997709
2023-06-01 09:00:00,-3979.9774999977
2023-06-01 12:00:00,-3979.97749999768
2023-06-01 15:00:00,-3471.8884516991893
2023-06-01 18:00:00,0.0
2023-06-01 21:00:00,1123.9027795832758
2023-06-02 00:00:00,0.0
2023-06-02 03:00:00,-3244.5595366798807
2023-06-02 06:00:00,-304.6045198700158
2023-06-02 09:00:00,-725.4280595914752
2023-06-02 12:00:00,-1712.0425897723471
2023-06-02 15:00:00,-3662.702466150862
2023-06-02 18:00:00,0.0
2023-06-02 21:00:00,75.92274354723811
2023-06-03 00:00:00,235.31199952028712
2023-06-03 03:00:00,4721.279158323291
2023-06-03 06:00:00,144.72372305594845
2023-06-03 09:00:00,-1795.1261098883115
2023-06-03 12:00:00,-3979.97749999768
2023-06-03 15:00:00,-1330.589171145839
2023-06-03 18:00:00,0.0
2023-06-03 21:00:00,1345.3310626043822
2023-06-04 00:00:00,3221.017561163061
2023-06-04 03:00:00,9900.0
2023-06-04 06:00:00,6038.362405769847
2023-06-04 09:00:00,-250.07513106103954
2023-06-04 12:00:00,-1636.4886493463068
2023-06-04 15:00:00,-1595.4936244728524
2023-06-04 18:00:00,0.0
2023-06-04 21:00:00,748.3369067056628
2023-06-05 00:00:00,0.0
2023-06-05 03:00:00,8815.872145638266
2023-06-05 06:00:00,9392.024479237094
2023-06-05 09:00:00,-2466.7235378066307
2023-06-05 12:00:00,-2167.573133902013
2023-06-05 15:00:00,0.0
2023-06-05 18:00:00,0.0
2023-06-05 21:00:00,0.0
2023-06-06 00:00:00,0.0
2023-06-06 03:00:00,0.0
2023-06-06 06:00:00,0.0
2023-06-06 09:00:00,-1830.9117980711744
2023-06-06 12:00:00,-3699.9304792926396
2023-06-06 15:00:00,0.0
2023-06-06 18:00:00,0.0
2023-06-06 21:00:00,2153.861264799576
2023-06-07 00:00:00,9900.0
2023-06-07 03:00:00,9900.0
2023-06-07 06:00:00,9900.0
2023-06-07 09:00:00,0.0
2023-06-07 12:00:00,-814.324196657195
2023-06-07 15:00:00,0.0
2023-06-07 18:00:00,805.5257833435171
2023-06-07 21:00:00,9879.026788498413
2023-06-08 00:00:00,9900.0
2023-06-08 03:00:00,9900.0
2023-06-08 06:00:00,9900.0
2023-06-08 09:00:00,-2149.1591522380845
2023-06-08 12:00:00,-1067.785509133262
2023-06-08 15:00:00,0.0
2023-06-08 18:00:00,0.0
2023-06-08 21:00:00,0.0
2023-06-09 00:00:00,-3979.977499997709
2023-06-09 03:00:00,-3979.977499997709
2023-06-09 06:00:00,-3979.9774999977
2023-06-09 09:00:00,-3979.9774999977
2023-06-09 12:00:00,-3979.9774999977
2023-06-09 15:00:00,0.0
2023-06-09 18:00:00,0.0
2023-06-09 21:00:00,-3979.9774999977
2023-06-10 00:00:00,-3979.977499997709
2023-06-10 03:00:00,-912.4950941203424
2023-06-10 06:00:00,-594.4322115539399
2023-06-10 09:00:00,-3979.9774999976944
2023-06-10 12:00:00,-3979.9774999977
2023-06-10 15:00:00,-141.65087384688377
2023-06-10 18:00:00,0.0
2023-06-10 21:00:00,0.0
2023-06-11 00:00:00,-3979.9774999977
2023-06-11 03:00:00,0.0
2023-06-11 06:00:00,0.0
2023-06-11 09:00:00,-450.917467706342
2023-06-11 12:00:00,-1528.457332844453
2023-06-11 15:00:00,0.0
2023-06-11 18:00:00,0.0
2023-06-11 21:00:00,0.0
2023-06-12 00:00:00,147.03285669526667
2023-06-12 03:00:00,3454.2200319080134
2023-06-12 06:00:00,9900.0
2023-06-12 09:00:00,0.0
2023-06-12 12:00:00,-219.3249857419491
2023-06-12 15:00:00,-1.4551915228366852e-11
2023-06-12 18:00:00,0.0
2023-06-12 21:00:00,1648.1925503799284
2023-06-13 00:00:00,9900.0
2023-06-13 03:00:00,3257.801910035676
2023-06-13 06:00:00,9900.0
2023-06-13 09:00:00,-61.15226389352756
2023-06-13 12:00:00,-402.78234033956653
2023-06-13 15:00:00,-2518.246903228952
2023-06-13 18:00:00,0.0
2023-06-13 21:00:00,0.0
2023-06-14 00:00:00,0.0
2023-06-14 03:00:00,1982.3468875545168
2023-06-14 06:00:00,0.0
2023-06-14 09:00:00,-2100.7829570339154
2023-06-14 12:00:00,-2971.3687360286567
2023-06-14 15:00:00,0.0
2023-06-14 18:00:00,-3006.9095529587503
2023-06-14 21:00:00,-2192.452810869393
2023-06-15 00:00:00,0.0
2023-06-15 03:00:00,0.0
2023-06-15 06:00:00,0.0
2023-06-15 09:00:00,0.0
2023-06-15 12:00:00,0.0
2023-06-15 15:00:00,0.0
2023-06-15 18:00:00,0.0
2023-06-15 21:00:00,0.0
2023-06-16 00:00:00,0.0
2023-06-16 03:00:00,0.0
2023-06-16 06:00:00,0.0
2023-06-16 09:00:00,0.0
2023-06-16 12:00:00,0.0
2023-06-16 15:00:00,0.0
2023-06-16 18:00:00,0.0
2023-06-16 21:00:00,4076.2454544821812
2023-06-17 00:00:00,713.7662809342291
2023-06-17 03:00:00,3536.3627339176737
2023-06-17 06:00:00,7023.07355087118
2023-06-17 09:00:00,0.0
2023-06-17 12:00:00,-1189.099060370837
2023-06-17 15:00:00,0.0
2023-06-17 18:00:00,0.0
2023-06-17 21:00:00,0.0
2023-06-18 00:00:00,0.0
2023-06-18 03:00:00,4886.502093077375
2023-06-18 06:00:00,5120.683807083042
2023-06-18 09:00:00,0.0
2023-06-18 12:00:00,-1487.44572502136
2023-06-18 15:00:00,0.0
2023-06-18 18:00:00,0.0
2023-06-18 21:00:00,4227.586693885063
2023-06-19 00:00:00,9900.0
2023-06-19 03:00:00,9900.0
2023-06-19 06:00:00,9899.999999999996
2023-06-19 09:00:00,7829.739321375218
2023-06-19 12:00:00,1067.339384689026
2023-06-19 15:00:00,0.0
2023-06-19 18:00:00,9674.477737692192
2023-06-19 21:00:00,9900.0
2023-06-20 00:00:00,0.0
2023-06-20 03:00:00,-130.5716249755253
2023-06-20 06:00:00,0.0
2023-06-20 09:00:00,0.0
2023-06-20 12:00:00,-356.92006512149374
2023-06-20 15:00:00,0.0
2023-06-20 18:00:00,0.0
2023-06-20 21:00:00,2445.787589977799
2023-06-21 00:00:00,0.0
2023-06-21 03:00:00,0.0
2023-06-21 06:00:00,0.0
2023-06-21 09:00:00,0.0
2023-06-21 12:00:00,0.0
2023-06-21 15:00:00,-1827.5331729110435
2023-06-21 18:00:00,-999.9013624557858
2023-06-21 21:00:00,-3979.9774999977
2023-06-22 00:00:00,-3979.9774999977
2023-06-22 03:00:00,-3979.9774999977
2023-06-22 06:00:00,-3979.9774999977
2023-06-22 09:00:00,-3979.977499997698
2023-06-22 12:00:00,-3979.9774999977
2023-06-22 15:00:00,-3979.9774999977017
2023-06-22 18:00:00,-3979.9774999977
2023-06-22 21:00:00,-3979.9774999977
2023-06-23 00:00:00,-3979.9774999977
2023-06-23 03:00:00,-3716.406944051014
2023-06-23 06:00:00,0.0
2023-06-23 09:00:00,-3979.9774999977
2023-06-23 12:00:00,-3979.9774999977017
2023-06-23 15:00:00,-3734.1631230232524
2023-06-23 18:00:00,0.0
2023-06-23 21:00:00,0.0
2023-06-24 00:00:00,0.0
2023-06-24 03:00:00,0.0
2023-06-24 06:00:00,0.0
2023-06-24 09:00:00,0.0
2023-06-24 12:00:00,-2886.8787755341546
2023-06-24 15:00:00,-3979.9774999976944
2023-06-24 18:00:00,-7.275957614183426e-12
2023-06-24 21:00:00,0.0
2023-06-25 00:00:00,0.0
2023-06-25 03:00:00,0.0
2023-06-25 06:00:00,0.0
2023-06-25 09:00:00,0.0
2023-06-25 12:00:00,-108.79901687727124
2023-06-25 15:00:00,0.0
2023-06-25 18:00:00,0.0
2023-06-25 21:00:00,4986.41170955202
2023-06-26 00:00:00,9900.0
2023-06-26 03:00:00,9900.0
2023-06-26 06:00:00,9879.447122834368
2023-06-26 09:00:00,-3548.87269915274
2023-06-26 12:00:00,-3979.9774999977
2023-06-26 15:00:00,-3979.9774999977
2023-06-26 18:00:00,1775.1494166483421
2023-06-26 21:00:00,-2719.1299521769224
2023-06-27 00:00:00,0.0
2023-06-27 03:00:00,0.0
2023-06-27 06:00:00,0.0
2023-06-27 09:00:00,0.0
2023-06-27 12:00:00,0.0
2023-06-27 15:00:00,0.0
2023-06-27 18:00:00,0.0
2023-06-27 21:00:00,2336.116127284194
2023-06-28 00:00:00,9900.0
2023-06-28 03:00:00,9900.0
2023-06-28 06:00:00,9900.0
2023-06-28 09:00:00,0.0
2023-06-28 12:00:00,0.0
2023-06-28 15:00:00,0.0
2023-06-28 18:00:00,0.0
2023-06-28 21:00:00,0.0
2023-06-29 00:00:00,0.0
2023-06-29 03:00:00,0.0
2023-06-29 06:00:00,7317.982984108725
2023-06-29 09:00:00,3446.240185720054
2023-06-29 12:00:00,0.0
2023-06-29 15:00:00,0.0
2023-06-29 18:00:00,0.0
2023-06-29 21:00:00,0.0
2023-06-30 00:00:00,0.0
2023-06-30 03:00:00,0.0
2023-06-30 06:00:00,0.0
2023-06-30 09:00:00,-1112.3655179711573
2023-06-30 12:00:00,-3979.9774999977
2023-06-30 15:00:00,-1976.5449455957923
2023-06-30 18:00:00,0.0
2023-06-30 21:00:00,0.0
2023-07-01 00:00:00,0.0
2023-07-01 03:00:00,9.094947017729282e-13
2023-07-01 06:00:00,0.0
2023-07-01 09:00:00,0.0
2023-07-01 12:00:00,0.0
2023-07-01 15:00:00,0.0
2023-07-01 18:00:00,0.0
2023-07-01 21:00:00,0.0
2023-07-02 00:00:00,0.0
2023-07-02 03:00:00,0.0
2023-07-02 06:00:00,0.0
2023-07-02 09:00:00,-2600.8990132493564
2023-07-02 12:00:00,-2833.486035650205
2023-07-02 15:00:00,-55.66749859266565
2023-07-02 18:00:00,0.0
2023-07-02 21:00:00,0.0
2023-07-03 00:00:00,0.0
2023-07-03 03:00:00,0.0
2023-07-03 06:00:00,0.0
2023-07-03 09:00:00,0.0
2023-07-03 12:00:00,0.0
2023-07-03 15:00:00,-496.56344626696045
2023-07-03 18:00:00,0.0
2023-07-03 21:00:00,0.0
2023-07-04 00:00:00,0.0
2023-07-04 03:00:00,0.0
2023-07-04 06:00:00,0.0
2023-07-04 09:00:00,0.0
2023-07-04 12:00:00,-1331.2590108688755
2023-07-04 15:00:00,0.0
2023-07-04 18:00:00,0.0
2023-07-04 21:00:00,0.0
2023-07-05 00:00:00,1.8189894035458565e-12
2023-07-05 03:00:00,1.8189894035458565e-12
2023-07-05 06:00:00,0.0
2023-07-05 09:00:00,-44.97193212131424
2023-07-05 12:00:00,0.0
2023-07-05 15:00:00,0.0
2023-07-05 18:00:00,0.0
2023-07-05 21:00:00,1.8189894035458565e-12
2023-07-06 00:00:00,0.0
2023-07-06 03:00:00,0.0
2023-07-06 06:00:00,0.0
2023-07-06 09:00:00,0.0
2023-07-06 12:00:00,0.0
2023-07-06 15:00:00,0.0
2023-07-06 18:00:00,0.0
2023-07-06 21:00:00,0.0
2023-07-07 00:00:00,0.0
2023-07-07 03:00:00,0.0
2023-07-07 06:00:00,0.0
2023-07-07 09:00:00,-1831.647175439558
2023-07-07 12:00:00,-3979.9774999977017
2023-07-07 15:00:00,-1536.939758114182
2023-07-07 18:00:00,0.0
2023-07-07 21:00:00,0.0
2023-07-08 00:00:00,-202.63901326852127
2023-07-08 03:00:00,0.0
2023-07-08 06:00:00,0.0
2023-07-08 09:00:00,-883.9452955461784
2023-07-08 12:00:00,-2422.9670476282095
2023-07-08 15:00:00,0.0
2023-07-08 18:00:00,0.0
2023-07-08 21:00:00,92.9719775534868
2023-07-09 00:00:00,1075.9230676842744
2023-07-09 03:00:00,9900.000000000002
2023-07-09 06:00:00,5841.539941248546
2023-07-09 09:00:00,0.0
2023-07-09 12:00:00,-1257.1198546273918
2023-07-09 15:00:00,0.0
2023-07-09 18:00:00,0.0
2023-07-09 21:00:00,647.9487283940684
2023-07-10 00:00:00,0.0
2023-07-10 03:00:00,0.0
2023-07-10 06:00:00,2566.606113230888
2023-07-10 09:00:00,0.0
2023-07-10 12:00:00,0.0
2023-07-10 15:00:00,0.0
2023-07-10 18:00:00,0.0
2023-07-10 21:00:00,5787.695437675085
2023-07-11 00:00:00,0.0
2023-07-11 03:00:00,0.0
2023-07-11 06:00:00,0.0
2023-07-11 09:00:00,-63.704501295499604
2023-07-11 12:00:00,-1292.8310448650843
2023-07-11 15:00:00,0.0
2023-07-11 18:00:00,-376.05104311780633
2023-07-11 21:00:00,0.0
2023-07-12 00:00:00,0.0
2023-07-12 03:00:00,0.0
2023-07-12 06:00:00,0.0
2023-07-12 09:00:00,0.0
2023-07-12 12:00:00,2366.871868427801
2023-07-12 15:00:00,0.0
2023-07-12 18:00:00,0.0
2023-07-12 21:00:00,0.0
2023-07-13 00:00:00,0.0
2023-07-13 03:00:00,0.0
2023-07-13 06:00:00,0.0
2023-07-13 09:00:00,-1419.2845104966045
2023-07-13 12:00:00,-2583.745621707566
2023-07-13 15:00:00,-162.47020421205949
2023-07-13 18:00:00,-3979.9774999977
2023-07-13 21:00:00,0.0
2023-07-14 00:00:00,0.0
2023-07-14 03:00:00,0.0
2023-07-14 06:00:00,0.0
2023-07-14 09:00:00,-2539.202435425642
2023-07-14 12:00:00,-3979.9774999977
2023-07-14 15:00:00,-977.8820315665434
2023-07-14 18:00:00,0.0
2023-07-14 21:00:00,0.0
2023-07-15 00:00:00,0.0
2023-07-15 03:00:00,0.0
2023-07-15 06:00:00,0.0
2023-07-15 09:00:00,-1203.3657422447213
2023-07-15 12:00:00,0.0
2023-07-15 15:00:00,-529.9258377700343
2023-07-15 18:00:00,0.0
2023-07-15 21:00:00,0.0
2023-07-16 00:00:00,0.0
2023-07-16 03:00:00,0.0
2023-07-16 06:00:00,0.0
2023-07-16 09:00:00,-2656.707695567402
2023-07-16 12:00:00,-3979.9774999977
2023-07-16 15:00:00,-1344.3181679307704
2023-07-16 18:00:00,0.0
2023-07-16 21:00:00,0.0
2023-07-17 00:00:00,-3.637978807091713e-12
2023-07-17 03:00:00,-3979.977499997698
2023-07-17 06:00:00,0.0
2023-07-17 09:00:00,-939.9567920288973
2023-07-17 12:00:00,-1679.3484003147885
2023-07-17 15:00:00,-1006.4861788380797
2023-07-17 18:00:00,0.0
2023-07-17 21:00:00,0.0
2023-07-18 00:00:00,0.0
2023-07-18 03:00:00,0.0
2023-07-18 06:00:00,-3979.9774999977017
2023-07-18 09:00:00,-1889.6049712780732
2023-07-18 12:00:00,-3979.9774999976944
2023-07-18 15:00:00,-2049.527058699532
2023-07-18 18:00:00,0.0
2023-07-18 21:00:00,0.0
2023-07-19 00:00:00,0.0
2023-07-19 03:00:00,0.0
2023-07-19 06:00:00,0.0
2023-07-19 09:00:00,-3043.3599051501806
2023-07-19 12:00:00,-3979.9774999976944
2023-07-19 15:00:00,-1528.5720922466135
2023-07-19 18:00:00,0.0
2023-07-19 21:00:00,0.0
2023-07-20 00:00:00,0.0
2023-07-20 03:00:00,0.0
2023-07-20 06:00:00,0.0
2023-07-20 09:00:00,-1536.412721117648
2023-07-20 12:00:00,-3979.9774999977
2023-07-20 15:00:00,-1489.0698313011308
2023-07-20 18:00:00,-3979.9774999977017
2023-07-20 21:00:00,-7.275957614183426e-12
2023-07-21 00:00:00,0.0
2023-07-21 03:00:00,0.0
2023-07-21 06:00:00,0.0
2023-07-21 09:00:00,-1680.6708626782565
2023-07-21 12:00:00,-3979.9774999977
2023-07-21 15:00:00,-2581.3620616664266
2023-07-21 18:00:00,0.0
2023-07-21 21:00:00,0.0
2023-07-22 00:00:00,0.0
2023-07-22 03:00:00,0.0
2023-07-22 06:00:00,0.0
2023-07-22 09:00:00,-511.5900808250734
2023-07-22 12:00:00,-3979.977499997709
2023-07-22 15:00:00,-2658.238961652273
2023-07-22 18:00:00,-1879.2054326840298
2023-07-22 21:00:00,0.0
2023-07-23 00:00:00,0.0
2023-07-23 03:00:00,-18.564710813132017
2023-07-23 06:00:00,0.0
2023-07-23 09:00:00,-3065.4990657015733
2023-07-23 12:00:00,-2312.48324584722
2023-07-23 15:00:00,0.0
2023-07-23 18:00:00,0.0
2023-07-23 21:00:00,0.0
2023-07-24 00:00:00,0.0
2023-07-24 03:00:00,0.0
2023-07-24 06:00:00,0.0
2023-07-24 09:00:00,0.0
2023-07-24 12:00:00,-2061.3969608012794
2023-07-24 15:00:00,0.0
2023-07-24 18:00:00,0.0
2023-07-24 21:00:00,0.0
2023-07-25 00:00:00,0.0
2023-07-25 03:00:00,0.0
2023-07-25 06:00:00,-3979.977499997709
2023-07-25 09:00:00,-1165.1645321896317
2023-07-25 12:00:00,-3979.9774999977
2023-07-25 15:00:00,-2593.06838339585
2023-07-25 18:00:00,0.0
2023-07-25 21:00:00,0.0
2023-07-26 00:00:00,0.0
2023-07-26 03:00:00,-3979.977499997709
2023-07-26 06:00:00,0.0
2023-07-26 09:00:00,-1356.9919546974852
2023-07-26 12:00:00,-2161.695339144193
2023-07-26 15:00:00,0.0
2023-07-26 18:00:00,0.0
2023-07-26 21:00:00,0.0
2023-07-27 00:00:00,0.0
2023-07-27 03:00:00,0.0
2023-07-27 06:00:00,-3547.881907363233
2023-07-27 09:00:00,-3979.977499997709
2023-07-27 12:00:00,-3979.9774999976944
2023-07-27 15:00:00,-1067.1849474221817
2023-07-27 18:00:00,0.0
2023-07-27 21:00:00,0.0
2023-07-28 00:00:00,0.0
2023-07-28 03:00:00,6605.980052594066
2023-07-28 06:00:00,9034.786106141812
2023-07-28 09:00:00,-2485.3857684747686
2023-07-28 12:00:00,-472.1749386074516
2023-07-28 15:00:00,0.0
2023-07-28 18:00:00,0.0
2023-07-28 21:00:00,0.0
2023-07-29 00:00:00,0.0
2023-07-29 03:00:00,0.0
2023-07-29 06:00:00,0.0
2023-07-29 09:00:00,-2725.0181877486534
2023-07-29 12:00:00,-3979.977499997709
2023-07-29 15:00:00,0.0
2023-07-29 18:00:00,1.4551915228366852e-11
2023-07-29 21:00:00,0.0
2023-07-30 00:00:00,0.0
2023-07-30 03:00:00,-1473.4235457189352
2023-07-30 06:00:00,-2584.49146433479
2023-07-30 09:00:00,-2185.591503604024
2023-07-30 12:00:00,-3040.1803590050017
2023-07-30 15:00:00,-3460.0360575837985
2023-07-30 18:00:00,0.0
2023-07-30 21:00:00,0.0
2023-07-31 00:00:00,0.0
2023-07-31 03:00:00,0.0
2023-07-31 06:00:00,0.0
2023-07-31 09:00:00,0.0
2023-07-31 12:00:00,0.0
2023-07-31 15:00:00,0.0
2023-07-31 18:00:00,5020.608049736737
2023-07-31 21:00:00,9900.0
2023-08-01 00:00:00,9899.999999999985
2023-08-01 03:00:00,9900.0
2023-08-01 06:00:00,8173.769726352682
2023-08-01 09:00:00,0.0
2023-08-01 12:00:00,0.0
2023-08-01 15:00:00,8539.707416076038
2023-08-01 18:00:00,9900.0
2023-08-01 21:00:00,9900.000000000007
2023-08-02 00:00:00,4884.3812036677555
2023-08-02 03:00:00,6578.248476191329
2023-08-02 06:00:00,8736.008371769369
2023-08-02 09:00:00,-1472.3988874410618
2023-08-02 12:00:00,-1561.0542497037172
2023-08-02 15:00:00,0.0
2023-08-02 18:00:00,0.0
2023-08-02 21:00:00,0.0
2023-08-03 00:00:00,0.0
2023-08-03 03:00:00,0.0
2023-08-03 06:00:00,0.0
2023-08-03 09:00:00,-1200.9848916232586
2023-08-03 12:00:00,0.0
2023-08-03 15:00:00,0.0
2023-08-03 18:00:00,0.0
2023-08-03 21:00:00,0.0
2023-08-04 00:00:00,0.0
2023-08-04 03:00:00,-3135.885909809469
2023-08-04 06:00:00,0.0
2023-08-04 09:00:00,-1925.7328234893866
2023-08-04 12:00:00,-3979.9774999977017
2023-08-04 15:00:00,-3979.9774999977
2023-08-04 18:00:00,0.0
2023-08-04 21:00:00,-3047.567261684908
2023-08-05 00:00:00,-2401.16491606029
2023-08-05 03:00:00,-422.42086548245453
2023-08-05 06:00:00,-3979.9774999977
2023-08-05 09:00:00,-3979.9774999976944
2023-08-05 12:00:00,-3979.977499997709
2023-08-05 15:00:00,-1087.4808347514045
2023-08-05 18:00:00,0.0
2023-08-05 21:00:00,0.0
2023-08-06 00:00:00,0.0
2023-08-06 03:00:00,0.0
2023-08-06 06:00:00,856.0998308938922
2023-08-06 09:00:00,-730.4007624718797
2023-08-06 12:00:00,-1451.1582325748955
2023-08-06 15:00:00,-1633.0780001517705
2023-08-06 18:00:00,-3979.9774999976944
2023-08-06 21:00:00,-3979.9774999977
2023-08-07 00:00:00,-3979.9774999976944
2023-08-07 03:00:00,-3979.9774999977
2023-08-07 06:00:00,-3149.0031790505454
2023-08-07 09:00:00,0.0
2023-08-07 12:00:00,0.0
2023-08-07 15:00:00,-3010.9900060332593
2023-08-07 18:00:00,-3979.9774999976944
2023-08-07 21:00:00,-3979.9774999977
2023-08-08 00:00:00,-3979.9774999976944
2023-08-08 03:00:00,-3979.977499997709
2023-08-08 06:00:00,-3979.9774999976944
2023-08-08 09:00:00,-3979.977499997709
2023-08-08 12:00:00,-3979.9774999977
2023-08-08 15:00:00,-3979.977499997709
2023-08-08 18:00:00,-3979.9774999977
2023-08-08 21:00:00,-3979.97749999768
2023-08-09 00:00:00,-3979.9774999977
2023-08-09 03:00:00,-3979.9774999977
2023-08-09 06:00:00,-3979.9774999977
2023-08-09 09:00:00,-3979.97749999768
2023-08-09 12:00:00,-3979.977499997709
2023-08-09 15:00:00,-3979.977499997709
2023-08-09 18:00:00,-3979.977499997709
2023-08-09 21:00:00,-3979.977499997709
2023-08-10 00:00:00,-3979.977499997709
2023-08-10 03:00:00,-3979.9774999977
2023-08-10 06:00:00,-2487.8385412560056
2023-08-10 09:00:00,-3784.4663231338
2023-08-10 12:00:00,-3979.9774999977
2023-08-10 15:00:00,-3979.977499997709
2023-08-10 18:00:00,0.0
2023-08-10 21:00:00,0.0
2023-08-11 00:00:00,0.0
2023-08-11 03:00:00,0.0
2023-08-11 06:00:00,0.0
2023-08-11 09:00:00,-873.6977019327458
2023-08-11 12:00:00,-2662.8698952603527
2023-08-11 15:00:00,-3478.1411819287396
2023-08-11 18:00:00,-1281.7132105173228
2023-08-11 21:00:00,-3979.9774999977
2023-08-12 00:00:00,-3979.97749999768
2023-08-12 03:00:00,-3979.97749999768
2023-08-12 06:00:00,-2756.291187854804
2023-08-12 09:00:00,-126.10421669948846
2023-08-12 12:00:00,-773.4319021531264
2023-08-12 15:00:00,0.0
2023-08-12 18:00:00,0.0
2023-08-12 21:00:00,0.0
2023-08-13 00:00:00,0.0
2023-08-13 03:00:00,-434.9172638460426
2023-08-13 06:00:00,-3651.5389200082573
2023-08-13 09:00:00,-3979.97749999768
2023-08-13 12:00:00,-3979.977499997709
2023-08-13 15:00:00,-3979.9774999977
2023-08-13 18:00:00,0.0
2023-08-13 21:00:00,0.0
2023-08-14 00:00:00,0.0
2023-08-14 03:00:00,0.0
2023-08-14 06:00:00,0.0
2023-08-14 09:00:00,-284.2694040215449
2023-08-14 12:00:00,-1259.1941166399338
2023-08-14 15:00:00,2.9103830456733704e-11
2023-08-14 18:00:00,0.0
2023-08-14 21:00:00,0.0
2023-08-15 00:00:00,0.0
2023-08-15 03:00:00,0.0
2023-08-15 06:00:00,-424.71031913854245
2023-08-15 09:00:00,0.0
2023-08-15 12:00:00,-3014.929332801238
2023-08-15 15:00:00,0.0
2023-08-15 18:00:00,0.0
2023-08-15 21:00:00,-570.5212666675507
2023-08-16 00:00:00,-3979.97749999768
2023-08-16 03:00:00,-3979.97749999768
2023-08-16 06:00:00,-3979.97749999768
2023-08-16 09:00:00,-3979.9774999977
2023-08-16 12:00:00,-3979.977499997709
2023-08-16 15:00:00,-2405.000229811646
2023-08-16 18:00:00,0.0
2023-08-16 21:00:00,0.0
2023-08-17 00:00:00,0.0
2023-08-17 03:00:00,5335.359018791996
2023-08-17 06:00:00,9900.0
2023-08-17 09:00:00,8291.500007530034
2023-08-17 12:00:00,5857.107987503376
2023-08-17 15:00:00,9899.99999999997
2023-08-17 18:00:00,9900.0
2023-08-17 21:00:00,8560.946419946435
2023-08-18 00:00:00,2050.5302142517803
2023-08-18 03:00:00,5073.474317286513
2023-08-18 06:00:00,9429.318742190651
2023-08-18 09:00:00,0.0
2023-08-18 12:00:00,2124.8304355863365
2023-08-18 15:00:00,363.73202329996275
2023-08-18 18:00:00,-688.8651322538499
2023-08-18 21:00:00,-2021.381307963864
2023-08-19 00:00:00,-2931.1599355913413
2023-08-19 03:00:00,-3868.828879400913
2023-08-19 06:00:00,-3979.9774999977
2023-08-19 09:00:00,-3979.97749999768
2023-08-19 12:00:00,-3979.9774999977
2023-08-19 15:00:00,-1308.5664085687827
2023-08-19 18:00:00,-3890.548416444935
2023-08-19 21:00:00,-3979.97749999768
2023-08-20 00:00:00,-3979.97749999768
2023-08-20 03:00:00,-3588.1738133426834
2023-08-20 06:00:00,0.0
2023-08-20 09:00:00,0.0
2023-08-20 12:00:00,-3979.97749999768
2023-08-20 15:00:00,0.0
2023-08-20 18:00:00,0.0
2023-08-20 21:00:00,0.0
2023-08-21 00:00:00,0.0
2023-08-21 03:00:00,-710.9379817029403
2023-08-21 06:00:00,-2066.138187458967
2023-08-21 09:00:00,-3979.97749999768
2023-08-21 12:00:00,-3979.9774999977
2023-08-21 15:00:00,-3979.97749999768
2023-08-21 18:00:00,-3979.9774999977
2023-08-21 21:00:00,-3979.97749999768
2023-08-22 00:00:00,-1405.2748285126067
2023-08-22 03:00:00,-228.42127253531362
2023-08-22 06:00:00,-220.75826469220817
2023-08-22 09:00:00,-3979.9774999977
2023-08-22 12:00:00,-1517.0009360026452
2023-08-22 15:00:00,0.0
2023-08-22 18:00:00,0.0
2023-08-22 21:00:00,0.0
2023-08-23 00:00:00,0.0
2023-08-23 03:00:00,0.0
2023-08-23 06:00:00,-478.6425753607764
2023-08-23 09:00:00,-3979.9774999977
2023-08-23 12:00:00,-3979.9774999977
2023-08-23 15:00:00,-2416.5620611031486
2023-08-23 18:00:00,-3979.977499997709
2023-08-23 21:00:00,-3979.977499997709
2023-08-24 00:00:00,-3979.9774999976507
2023-08-24 03:00:00,-3979.977499997709
2023-08-24 06:00:00,-548.4507012927927
2023-08-24 09:00:00,-908.1793973118183
2023-08-24 12:00:00,-2606.6472698043576
2023-08-24 15:00:00,0.0
2023-08-24 18:00:00,2911.217617714801
2023-08-24 21:00:00,2649.34705196087
2023-08-25 00:00:00,5264.259089882627
2023-08-25 03:00:00,-564.1541569917463
2023-08-25 06:00:00,-909.4624174258206
2023-08-25 09:00:00,0.0
2023-08-25 12:00:00,0.0
2023-08-25 15:00:00,0.0
2023-08-25 18:00:00,2480.997065728487
2023-08-25 21:00:00,5980.109745387004
2023-08-26 00:00:00,9900.0
2023-08-26 03:00:00,9900.0
2023-08-26 06:00:00,4404.034860584013
2023-08-26 09:00:00,4497.131256493139
2023-08-26 12:00:00,5400.044175294548
2023-08-26 15:00:00,4383.210016415716
2023-08-26 18:00:00,-367.23935145139694
2023-08-26 21:00:00,-3979.9774999977
2023-08-27 00:00:00,-3979.97749999768
2023-08-27 03:00:00,-3979.9774999977
2023-08-27 06:00:00,-3979.97749999768
2023-08-27 09:00:00,-3979.9774999977
2023-08-27 12:00:00,-3979.9774999977
2023-08-27 15:00:00,-3979.9774999977
2023-08-27 18:00:00,2.9103830456733704e-11
2023-08-27 21:00:00,0.0
2023-08-28 00:00:00,0.0
2023-08-28 03:00:00,4909.942190045374
2023-08-28 06:00:00,9900.0
2023-08-28 09:00:00,8470.331130488223
2023-08-28 12:00:00,-3352.520915117443
2023-08-28 15:00:00,-2973.9811442094215
2023-08-28 18:00:00,-1306.1594997088007
2023-08-28 21:00:00,-3979.977499997709
2023-08-29 00:00:00,-3721.6515710269264
2023-08-29 03:00:00,-788.818336688345
2023-08-29 06:00:00,-2.9103830456733704e-11
2023-08-29 09:00:00,0.0
2023-08-29 12:00:00,0.0
2023-08-29 15:00:00,3447.5496098919934
2023-08-29 18:00:00,7776.897963391704
2023-08-29 21:00:00,6665.363954414046
2023-08-30 00:00:00,8213.642070082948
2023-08-30 03:00:00,9900.0
2023-08-30 06:00:00,9900.0
2023-08-30 09:00:00,0.0
2023-08-30 12:00:00,0.0
2023-08-30 15:00:00,1791.6739815172332
2023-08-30 18:00:00,9900.0
2023-08-30 21:00:00,9900.0
2023-08-31 00:00:00,9900.0
2023-08-31 03:00:00,9900.0
2023-08-31 06:00:00,9900.0
2023-08-31 09:00:00,291.81545245254233
2023-08-31 12:00:00,0.0
2023-08-31 15:00:00,6894.487035322882
2023-08-31 18:00:00,9900.0
2023-08-31 21:00:00,9900.0
2023-09-01 00:00:00,9590.49060194478
2023-09-01 03:00:00,9900.0
2023-09-01 06:00:00,9899.999999999985
2023-09-01 09:00:00,4045.72893266664
2023-09-01 12:00:00,-2511.3948494662172
2023-09-01 15:00:00,0.0
2023-09-01 18:00:00,0.0
2023-09-01 21:00:00,0.0
2023-09-02 00:00:00,0.0
2023-09-02 03:00:00,0.0
2023-09-02 06:00:00,0.0
2023-09-02 09:00:00,-615.0802920415445
2023-09-02 12:00:00,-3979.977499997709
2023-09-02 15:00:00,-3979.9774999977
2023-09-02 18:00:00,0.0
2023-09-02 21:00:00,0.0
2023-09-03 00:00:00,0.0
2023-09-03 03:00:00,0.0
2023-09-03 06:00:00,618.2372039660988
2023-09-03 09:00:00,-3059.6980238446267
2023-09-03 12:00:00,-3979.9774999976944
2023-09-03 15:00:00,-3979.977499997709
2023-09-03 18:00:00,-3979.9774999977
2023-09-03 21:00:00,-3979.977499997709
2023-09-04 00:00:00,-3979.9774999977
2023-09-04 03:00:00,-3979.977499997709
2023-09-04 06:00:00,-3979.9774999977
2023-09-04 09:00:00,-3979.9774999977
2023-09-04 12:00:00,-3979.9774999977
2023-09-04 15:00:00,-3979.97749999768
2023-09-04 18:00:00,-3979.97749999768
2023-09-04 21:00:00,-3979.9774999977
2023-09-05 00:00:00,-3979.977499997709
2023-09-05 03:00:00,-3979.9774999977
2023-09-05 06:00:00,-3979.977499997709
2023-09-05 09:00:00,-3979.9774999977
2023-09-05 12:00:00,-3979.977499997709
2023-09-05 15:00:00,-3979.9774999977
2023-09-05 18:00:00,-2637.631660198822
2023-09-05 21:00:00,0.0
2023-09-06 00:00:00,3444.3676141230535
2023-09-06 03:00:00,9900.0
2023-09-06 06:00:00,9900.0
2023-09-06 09:00:00,2304.303777571069
2023-09-06 12:00:00,0.0
2023-09-06 15:00:00,6866.526926142542
2023-09-06 18:00:00,9900.0
2023-09-06 21:00:00,9900.0
2023-09-07 00:00:00,0.0
2023-09-07 03:00:00,1205.884944659757
2023-09-07 06:00:00,5408.354734034321
2023-09-07 09:00:00,5479.746834581936
2023-09-07 12:00:00,0.0
2023-09-07 15:00:00,0.0
2023-09-07 18:00:00,9900.0
2023-09-07 21:00:00,5016.612727919328
2023-09-08 00:00:00,297.87158802240447
2023-09-08 03:00:00,7777.806541795552
2023-09-08 06:00:00,9900.0
2023-09-08 09:00:00,4688.655645486728
2023-09-08 12:00:00,0.0
2023-09-08 15:00:00,2598.1597473677393
2023-09-08 18:00:00,9900.0
2023-09-08 21:00:00,2523.4721751878606
2023-09-09 00:00:00,-527.234248076476
2023-09-09 03:00:00,-2162.3340934643857
2023-09-09 06:00:00,-3335.4515218146275
2023-09-09 09:00:00,-2972.967218152731
2023-09-09 12:00:00,-1577.6399181879344
2023-09-09 15:00:00,-1289.4947438804656
2023-09-09 18:00:00,0.0
2023-09-09 21:00:00,0.0
2023-09-10 00:00:00,0.0
2023-09-10 03:00:00,0.0
2023-09-10 06:00:00,0.0
2023-09-10 09:00:00,0.0
2023-09-10 12:00:00,0.0
2023-09-10 15:00:00,0.0
2023-09-10 18:00:00,2780.834384520032
2023-09-10 21:00:00,9750.207462859293
2023-09-11 00:00:00,9900.0
2023-09-11 03:00:00,9900.0
2023-09-11 06:00:00,1399.4684619785621
2023-09-11 09:00:00,-3049.2475606416774
2023-09-11 12:00:00,-3979.9774999977017
2023-09-11 15:00:00,-3979.9774999977
2023-09-11 18:00:00,-3979.9774999976944
2023-09-11 21:00:00,-3979.9774999977
2023-09-12 00:00:00,-3979.9774999976944
2023-09-12 03:00:00,0.0
2023-09-12 06:00:00,0.0
2023-09-12 09:00:00,-3757.520975884487
2023-09-12 12:00:00,-1891.6278172285674
2023-09-12 15:00:00,0.0
2023-09-12 18:00:00,0.0
2023-09-12 21:00:00,0.0
2023-09-13 00:00:00,0.0
2023-09-13 03:00:00,6775.526747797121
2023-09-13 06:00:00,9900.0
2023-09-13 09:00:00,0.0
2023-09-13 12:00:00,-1800.7506471194179
2023-09-13 15:00:00,0.0
2023-09-13 18:00:00,0.0
2023-09-13 21:00:00,3888.5498505001747
2023-09-14 00:00:00,9900.0
2023-09-14 03:00:00,9900.0
2023-09-14 06:00:00,9899.999999999996
2023-09-14 09:00:00,7700.177215690159
2023-09-14 12:00:00,0.0
2023-09-14 15:00:00,0.0
2023-09-14 18:00:00,9900.0
2023-09-14 21:00:00,4030.1928498738525
2023-09-15 00:00:00,0.0
2023-09-15 03:00:00,0.0
2023-09-15 06:00:00,0.0
2023-09-15 09:00:00,0.0
2023-09-15 12:00:00,0.0
2023-09-15 15:00:00,-1126.889172181619
2023-09-15 18:00:00,-30.591181157338163
2023-09-15 21:00:00,-1646.936664642857
2023-09-16 00:00:00,0.0
2023-09-16 03:00:00,0.0
2023-09-16 06:00:00,0.0
2023-09-16 09:00:00,0.0
2023-09-16 12:00:00,-74.86650719941781
2023-09-16 15:00:00,0.0
2023-09-16 18:00:00,0.0
2023-09-16 21:00:00,0.0
2023-09-17 00:00:00,496.5577906703047
2023-09-17 03:00:00,2382.7257345109274
2023-09-17 06:00:00,0.0
2023-09-17 09:00:00,0.0
2023-09-17 12:00:00,-1048.955540539501
2023-09-17 15:00:00,0.0
2023-09-17 18:00:00,0.0
2023-09-17 21:00:00,0.0
2023-09-18 00:00:00,0.0
2023-09-18 03:00:00,0.0
2023-09-18 06:00:00,0.0
2023-09-18 09:00:00,0.0
2023-09-18 12:00:00,0.0
2023-09-18 15:00:00,0.0
2023-09-18 18:00:00,0.0
2023-09-18 21:00:00,0.0
2023-09-19 00:00:00,0.0
2023-09-19 03:00:00,0.0
2023-09-19 06:00:00,0.0
2023-09-19 09:00:00,0.0
2023-09-19 12:00:00,0.0
2023-09-19 15:00:00,0.0
2023-09-19 18:00:00,0.0
2023-09-19 21:00:00,0.0
2023-09-20 00:00:00,0.0
2023-09-20 03:00:00,0.0
2023-09-20 06:00:00,0.0
2023-09-20 09:00:00,0.0
2023-09-20 12:00:00,0.0
2023-09-20 15:00:00,0.0
2023-09-20 18:00:00,0.0
2023-09-20 21:00:00,0.0
2023-09-21 00:00:00,0.0
2023-09-21 03:00:00,0.0
2023-09-21 06:00:00,0.0
2023-09-21 09:00:00,0.0
2023-09-21 12:00:00,-1164.0629198891777
2023-09-21 15:00:00,0.0
2023-09-21 18:00:00,0.0
2023-09-21 21:00:00,0.0
2023-09-22 00:00:00,0.0
2023-09-22 03:00:00,-3546.5601031659626
2023-09-22 06:00:00,0.0
2023-09-22 09:00:00,0.0
2023-09-22 12:00:00,0.0
2023-09-22 15:00:00,0.0
2023-09-22 18:00:00,0.0
2023-09-22 21:00:00,0.0
2023-09-23 00:00:00,0.0
2023-09-23 03:00:00,0.0
2023-09-23 06:00:00,0.0
2023-09-23 09:00:00,4186.880594639278
2023-09-23 12:00:00,1154.2192463030244
2023-09-23 15:00:00,0.0
2023-09-23 18:00:00,0.0
2023-09-23 21:00:00,0.0
2023-09-24 00:00:00,0.0
2023-09-24 03:00:00,0.0
2023-09-24 06:00:00,0.0
2023-09-24 09:00:00,0.0
2023-09-24 12:00:00,-2669.5825567404927
2023-09-24 15:00:00,0.0
2023-09-24 18:00:00,0.0
2023-09-24 21:00:00,0.0
2023-09-25 00:00:00,0.0
2023-09-25 03:00:00,0.0
2023-09-25 06:00:00,0.0
2023-09-25 09:00:00,0.0
2023-09-25 12:00:00,0.0
2023-09-25 15:00:00,0.0
2023-09-25 18:00:00,0.0
2023-09-25 21:00:00,0.0
2023-09-26 00:00:00,0.0
2023-09-26 03:00:00,0.0
2023-09-26 06:00:00,0.0
2023-09-26 09:00:00,0.0
2023-09-26 12:00:00,0.0
2023-09-26 15:00:00,0.0
2023-09-26 18:00:00,0.0
2023-09-26 21:00:00,0.0
2023-09-27 00:00:00,0.0
2023-09-27 03:00:00,0.0
2023-09-27 06:00:00,0.0
2023-09-27 09:00:00,0.0
2023-09-27 12:00:00,0.0
2023-09-27 15:00:00,0.0
2023-09-27 18:00:00,3088.061279392823
2023-09-27 21:00:00,0.0
2023-09-28 00:00:00,0.0
2023-09-28 03:00:00,0.0
2023-09-28 06:00:00,0.0
2023-09-28 09:00:00,0.0
2023-09-28 12:00:00,0.0
2023-09-28 15:00:00,0.0
2023-09-28 18:00:00,0.0
2023-09-28 21:00:00,0.0
2023-09-29 00:00:00,0.0
2023-09-29 03:00:00,0.0
2023-09-29 06:00:00,0.0
2023-09-29 09:00:00,0.0
2023-09-29 12:00:00,0.0
2023-09-29 15:00:00,0.0
2023-09-29 18:00:00,0.0
2023-09-29 21:00:00,0.0
2023-09-30 00:00:00,0.0
2023-09-30 03:00:00,0.0
2023-09-30 06:00:00,0.0
2023-09-30 09:00:00,-3979.9774999977
2023-09-30 12:00:00,-3184.7180689208426
2023-09-30 15:00:00,0.0
2023-09-30 18:00:00,0.0
2023-09-30 21:00:00,0.0
2023-10-01 00:00:00,0.0
2023-10-01 03:00:00,0.0
2023-10-01 06:00:00,0.0
2023-10-01 09:00:00,-2112.305578387285
2023-10-01 12:00:00,-1469.673727699065
2023-10-01 15:00:00,-1588.4064448061854
2023-10-01 18:00:00,0.0
2023-10-01 21:00:00,0.0
2023-10-02 00:00:00,0.0
2023-10-02 03:00:00,0.0
2023-10-02 06:00:00,0.0
2023-10-02 09:00:00,0.0
2023-10-02 12:00:00,-2116.6083078230677
2023-10-02 15:00:00,-1.8189894035458565e-12
2023-10-02 18:00:00,0.0
2023-10-02 21:00:00,0.0
2023-10-03 00:00:00,0.0
2023-10-03 03:00:00,0.0
2023-10-03 06:00:00,7843.679223080512
2023-10-03 09:00:00,0.0
2023-10-03 12:00:00,0.0
2023-10-03 15:00:00,-480.3404365576307
2023-10-03 18:00:00,0.0
2023-10-03 21:00:00,-3979.977499997699
2023-10-04 00:00:00,0.0
2023-10-04 03:00:00,-3979.9774999977
2023-10-04 06:00:00,-3979.977499997698
2023-10-04 09:00:00,-3979.9774999977
2023-10-04 12:00:00,-3979.9774999977
2023-10-04 15:00:00,-3979.9774999977
2023-10-04 18:00:00,-3979.9774999977
2023-10-04 21:00:00,-3979.9774999977017
2023-10-05 00:00:00,-3979.9774999977017
2023-10-05 03:00:00,-3979.9774999977017
2023-10-05 06:00:00,0.0
2023-10-05 09:00:00,0.0
2023-10-05 12:00:00,0.0
2023-10-05 15:00:00,0.0
2023-10-05 18:00:00,545.411737921838
2023-10-05 21:00:00,0.0
2023-10-06 00:00:00,-1794.5944553518907
2023-10-06 03:00:00,-3979.9774999976944
2023-10-06 06:00:00,-3979.977499997709
2023-10-06 09:00:00,-3979.9774999977
2023-10-06 12:00:00,-3979.9774999976944
2023-10-06 15:00:00,-3979.9774999977
2023-10-06 18:00:00,-3979.977499997709
2023-10-06 21:00:00,-3979.9774999977
2023-10-07 00:00:00,-3979.977499997709
2023-10-07 03:00:00,-3979.9774999977
2023-10-07 06:00:00,-3886.033531819703
2023-10-07 09:00:00,0.0
2023-10-07 12:00:00,0.0
2023-10-07 15:00:00,0.0
2023-10-07 18:00:00,0.0
2023-10-07 21:00:00,0.0
2023-10-08 00:00:00,-3979.9774999977
2023-10-08 03:00:00,0.0
2023-10-08 06:00:00,0.0
2023-10-08 09:00:00,-1539.542012794962
2023-10-08 12:00:00,-1554.9795446988978
2023-10-08 15:00:00,2052.53405514569
2023-10-08 18:00:00,9900.0
2023-10-08 21:00:00,9900.0
2023-10-09 00:00:00,4699.794040033827
2023-10-09 03:00:00,6847.1400252102485
2023-10-09 06:00:00,9899.999999999993
2023-10-09 09:00:00,0.0
2023-10-09 12:00:00,0.0
2023-10-09 15:00:00,6200.872527504705
2023-10-09 18:00:00,9900.0
2023-10-09 21:00:00,9900.0
2023-10-10 00:00:00,9900.0
2023-10-10 03:00:00,9900.000000000002
2023-10-10 06:00:00,5817.297999914415
2023-10-10 09:00:00,0.0
2023-10-10 12:00:00,0.0
2023-10-10 15:00:00,-1932.7447300956433
2023-10-10 18:00:00,0.0
2023-10-10 21:00:00,-3979.9774999977
2023-10-11 00:00:00,0.0
2023-10-11 03:00:00,-3979.9774999977
2023-10-11 06:00:00,-3979.9774999977
2023-10-11 09:00:00,-3979.977499997698
2023-10-11 12:00:00,-3979.9774999977017
2023-10-11 15:00:00,-3979.977499997698
2023-10-11 18:00:00,-3979.9774999977017
2023-10-11 21:00:00,0.0
2023-10-12 00:00:00,-3979.9774999977
2023-10-12 03:00:00,-3979.9774999977017
2023-10-12 06:00:00,-3979.9774999977
2023-10-12 09:00:00,-3979.9774999977
2023-10-12 12:00:00,-3979.9774999977
2023-10-12 15:00:00,-3979.9774999977
2023-10-12 18:00:00,-3979.9774999977017
2023-10-12 21:00:00,-3979.9774999977017
2023-10-13 00:00:00,-3333.8817655117164
2023-10-13 03:00:00,-1610.284840189856
2023-10-13 06:00:00,-3979.977499997709
2023-10-13 09:00:00,-3979.9774999977
2023-10-13 12:00:00,-3979.977499997709
2023-10-13 15:00:00,-3979.9774999977
2023-10-13 18:00:00,-3979.977499997709
2023-10-13 21:00:00,-3979.9774999977
2023-10-14 00:00:00,-3979.977499997709
2023-10-14 03:00:00,-3979.9774999976944
2023-10-14 06:00:00,-3979.9774999977
2023-10-14 09:00:00,-3979.9774999976944
2023-10-14 12:00:00,-3979.9774999977
2023-10-14 15:00:00,-3979.9774999976944
2023-10-14 18:00:00,-3979.9774999977
2023-10-14 21:00:00,-3979.977499997709
2023-10-15 00:00:00,-3979.9774999977
2023-10-15 03:00:00,-3979.977499997709
2023-10-15 06:00:00,-3979.9774999977
2023-10-15 09:00:00,-776.6205307637574
2023-10-15 12:00:00,-2339.784126174927
2023-10-15 15:00:00,-1777.384053173674
2023-10-15 18:00:00,0.0
2023-10-15 21:00:00,0.0
2023-10-16 00:00:00,0.0
2023-10-16 03:00:00,3855.9111842371717
2023-10-16 06:00:00,9900.0
2023-10-16 09:00:00,2272.9589523937407
2023-10-16 12:00:00,-2457.4097415558463
2023-10-16 15:00:00,-554.1859733296296
2023-10-16 18:00:00,-1071.9979089276312
2023-10-16 21:00:00,-3221.9399874852243
2023-10-17 00:00:00,-3979.9774999976944
2023-10-17 03:00:00,-3979.977499997709
2023-10-17 06:00:00,-3979.9774999977
2023-10-17 09:00:00,-3979.977499997709
2023-10-17 12:00:00,-3979.9774999977
2023-10-17 15:00:00,-3979.9774999977
2023-10-17 18:00:00,-3979.9774999977
2023-10-17 21:00:00,-3979.9774999977
2023-10-18 00:00:00,0.0
2023-10-18 03:00:00,0.0
2023-10-18 06:00:00,0.0
2023-10-18 09:00:00,-1400.5609972548846
2023-10-18 12:00:00,-728.1207596332533
2023-10-18 15:00:00,0.0
2023-10-18 18:00:00,-285.07482646861985
2023-10-18 21:00:00,-1854.9275217876454
2023-10-19 00:00:00,-3979.9774999977
2023-10-19 03:00:00,-3979.9774999977
2023-10-19 06:00:00,-3979.977499997709
2023-10-19 09:00:00,-3979.977499997709
2023-10-19 12:00:00,-3979.97749999768
2023-10-19 15:00:00,-3979.977499997709
2023-10-19 18:00:00,-3979.977499997709
2023-10-19 21:00:00,-3979.9774999977
2023-10-20 00:00:00,-3979.97749999768
2023-10-20 03:00:00,-3979.9774999977
2023-10-20 06:00:00,-3979.9774999977
2023-10-20 09:00:00,-3979.9774999977
2023-10-20 12:00:00,-3979.9774999977
2023-10-20 15:00:00,-3979.97749999768
2023-10-20 18:00:00,-3979.97749999768
2023-10-20 21:00:00,-3979.977499997709
2023-10-21 00:00:00,-3979.9774999977
2023-10-21 03:00:00,-3979.97749999768
2023-10-21 06:00:00,-3979.9774999977
2023-10-21 09:00:00,-3979.97749999768
2023-10-21 12:00:00,-3979.9774999977
2023-10-21 15:00:00,-3979.977499997709
2023-10-21 18:00:00,-3979.9774999977
2023-10-21 21:00:00,-3979.97749999768
2023-10-22 00:00:00,-215.011292927491
2023-10-22 03:00:00,-467.38789379706276
2023-10-22 06:00:00,0.0
2023-10-22 09:00:00,0.0
2023-10-22 12:00:00,0.0
2023-10-22 15:00:00,2858.126446560557
2023-10-22 18:00:00,-2.9103830456733704e-11
2023-10-22 21:00:00,328.67193382396385
2023-10-23 00:00:00,9900.0
2023-10-23 03:00:00,9900.0
2023-10-23 06:00:00,9900.0
2023-10-23 09:00:00,9900.0
2023-10-23 12:00:00,9900.0
2023-10-23 15:00:00,9900.00000000003
2023-10-23 18:00:00,9900.0
2023-10-23 21:00:00,9900.0
2023-10-24 00:00:00,7731.946440393995
2023-10-24 03:00:00,7439.663325817499
2023-10-24 06:00:00,-888.3149033166096
2023-10-24 09:00:00,-3979.9774999977
2023-10-24 12:00:00,-3979.977499997709
2023-10-24 15:00:00,-3979.977499997709
2023-10-24 18:00:00,-3979.977499997709
2023-10-24 21:00:00,-3979.97749999768
2023-10-25 00:00:00,-3979.97749999768
2023-10-25 03:00:00,-3979.9774999977
2023-10-25 06:00:00,-3979.9774999977
2023-10-25 09:00:00,-3979.9774999977
2023-10-25 12:00:00,-3979.9774999977
2023-10-25 15:00:00,-3979.9774999977
2023-10-25 18:00:00,-3979.9774999977
2023-10-25 21:00:00,-3979.97749999768
2023-10-26 00:00:00,-3979.97749999768
2023-10-26 03:00:00,-3979.97749999768
2023-10-26 06:00:00,-3979.97749999768
2023-10-26 09:00:00,-3979.9774999977
2023-10-26 12:00:00,-3979.977499997709
2023-10-26 15:00:00,-2765.387032126555
2023-10-26 18:00:00,-844.1644771342658
2023-10-26 21:00:00,0.0
2023-10-27 00:00:00,0.0
2023-10-27 03:00:00,0.0
2023-10-27 06:00:00,0.0
2023-10-27 09:00:00,-723.3244933479582
2023-10-27 12:00:00,-669.1018589281605
2023-10-27 15:00:00,2.9103830456733704e-11
2023-10-27 18:00:00,-2072.398189785433
2023-10-27 21:00:00,-746.5251209301932
2023-10-28 00:00:00,-1171.034193483944
2023-10-28 03:00:00,0.0
2023-10-28 06:00:00,0.0
2023-10-28 09:00:00,-580.7694613787712
2023-10-28 12:00:00,-294.1251479720231
2023-10-28 15:00:00,0.0
2023-10-28 18:00:00,0.0
2023-10-28 21:00:00,-252.62165381760622
2023-10-29 00:00:00,-2720.249598378985
2023-10-29 03:00:00,-3979.9774999977
2023-10-29 06:00:00,-3979.97749999768
2023-10-29 09:00:00,-3979.9774999977
2023-10-29 12:00:00,-3979.977499997709
2023-10-29 15:00:00,-3979.9774999977
2023-10-29 18:00:00,-3979.9774999977
2023-10-29 21:00:00,-3979.9774999976507
2023-10-30 00:00:00,0.0
2023-10-30 03:00:00,2521.0964417439536
2023-10-30 06:00:00,5927.531515972889
2023-10-30 09:00:00,-3083.651012591494
2023-10-30 12:00:00,-3979.9774999977
2023-10-30 15:00:00,-3979.977499997709
2023-10-30 18:00:00,-3979.9774999977
2023-10-30 21:00:00,-350.9049220974724
2023-10-31 00:00:00,4709.3682963192405
2023-10-31 03:00:00,9900.0
2023-10-31 06:00:00,9900.00000000003
2023-10-31 09:00:00,6679.98300709895
2023-10-31 12:00:00,0.0
2023-10-31 15:00:00,2188.6029259365523
2023-10-31 18:00:00,0.0
2023-10-31 21:00:00,180.8239324938472
2023-11-01 00:00:00,9120.651210735925
2023-11-01 03:00:00,9900.0
2023-11-01 06:00:00,9900.0
2023-11-01 09:00:00,9900.00000000003
2023-11-01 12:00:00,5839.68663749902
2023-11-01 15:00:00,9900.00000000003
2023-11-01 18:00:00,-3979.977499997709
2023-11-01 21:00:00,-3979.97749999768
2023-11-02 00:00:00,-3979.9774999977
2023-11-02 03:00:00,-3979.9774999977
2023-11-02 06:00:00,-3979.9774999977
2023-11-02 09:00:00,-3979.9774999977
2023-11-02 12:00:00,-3979.9774999977
2023-11-02 15:00:00,-3979.9774999977
2023-11-02 18:00:00,-3979.977499997709
2023-11-02 21:00:00,-3979.97749999768
2023-11-03 00:00:00,-3979.97749999768
2023-11-03 03:00:00,-3979.97749999768
2023-11-03 06:00:00,-3979.9774999977
2023-11-03 09:00:00,-3979.977499997709
2023-11-03 12:00:00,-3158.453349695122
2023-11-03 15:00:00,-2509.5750828996174
2023-11-03 18:00:00,0.0
2023-11-03 21:00:00,0.0
2023-11-04 00:00:00,0.0
2023-11-04 03:00:00,0.0
2023-11-04 06:00:00,0.0
2023-11-04 09:00:00,0.0
2023-11-04 12:00:00,0.0
2023-11-04 15:00:00,0.0
2023-11-04 18:00:00,-3979.977499997709
2023-11-04 21:00:00,-3698.5270111343216
2023-11-05 00:00:00,-3979.9774999976507
2023-11-05 03:00:00,-3979.9774999977
2023-11-05 06:00:00,-3979.9774999977
2023-11-05 09:00:00,-3979.977499997709
2023-11-05 12:00:00,-3132.9880663982754
2023-11-05 15:00:00,0.0
2023-11-05 18:00:00,0.0
2023-11-05 21:00:00,0.0
2023-11-06 00:00:00,0.0
2023-11-06 03:00:00,6520.742132647545
2023-11-06 06:00:00,7801.941629752973
2023-11-06 09:00:00,7346.794311514008
2023-11-06 12:00:00,-1219.74737327489
2023-11-06 15:00:00,-1893.0029242788441
2023-11-06 18:00:00,-3979.9774999976507
2023-11-06 21:00:00,-2475.116899349606
2023-11-07 00:00:00,0.0
2023-11-07 03:00:00,0.0
2023-11-07 06:00:00,7154.630481112457
2023-11-07 09:00:00,2664.4319018479
2023-11-07 12:00:00,483.8104050672846
2023-11-07 15:00:00,8394.69753180908
2023-11-07 18:00:00,8400.0
2023-11-07 21:00:00,8400.0
2023-11-08 00:00:00,8400.0
2023-11-08 03:00:00,8400.0
2023-11-08 06:00:00,8400.0
2023-11-08 09:00:00,8400.0
2023-11-08 12:00:00,8400.0
2023-11-08 15:00:00,8400.0
2023-11-08 18:00:00,8400.0
2023-11-08 21:00:00,8117.114576590652
2023-11-09 00:00:00,-3776.5985634492235
2023-11-09 03:00:00,-3979.9774999977
2023-11-09 06:00:00,0.0
2023-11-09 09:00:00,2039.459084572998
2023-11-09 12:00:00,5959.1566283723805
2023-11-09 15:00:00,8399.99999999997
2023-11-09 18:00:00,8400.0
2023-11-09 21:00:00,8400.0
2023-11-10 00:00:00,8400.0
2023-11-10 03:00:00,8312.15713057279
2023-11-10 06:00:00,8400.0
2023-11-10 09:00:00,8400.0
2023-11-10 12:00:00,8400.0
2023-11-10 15:00:00,8400.0
2023-11-10 18:00:00,8400.0
2023-11-10 21:00:00,8400.0
2023-11-11 00:00:00,8400.0
2023-11-11 03:00:00,8400.0
2023-11-11 06:00:00,8400.0
2023-11-11 09:00:00,0.0
2023-11-11 12:00:00,8400.0
2023-11-11 15:00:00,8400.0
2023-11-11 18:00:00,0.0
2023-11-11 21:00:00,8400.0
2023-11-12 00:00:00,0.0
2023-11-12 03:00:00,3234.076528182166
2023-11-12 06:00:00,0.0
2023-11-12 09:00:00,5925.523229428483
2023-11-12 12:00:00,0.0
2023-11-12 15:00:00,8399.999999999998
2023-11-12 18:00:00,0.0
2023-11-12 21:00:00,0.0
2023-11-13 00:00:00,0.0
2023-11-13 03:00:00,8400.0
2023-11-13 06:00:00,0.0
2023-11-13 09:00:00,0.0
2023-11-13 12:00:00,1881.7979620882088
2023-11-13 15:00:00,0.0
2023-11-13 18:00:00,-2066.948425951776
2023-11-13 21:00:00,-3979.9774999977
2023-11-14 00:00:00,-3979.9774999977
2023-11-14 03:00:00,-3979.9774999977
2023-11-14 06:00:00,-3979.977499997698
2023-11-14 09:00:00,-3979.9774999977
2023-11-14 12:00:00,-3979.977499997698
2023-11-14 15:00:00,-3979.9774999977017
2023-11-14 18:00:00,-3979.9774999977
2023-11-14 21:00:00,-3979.9774999977017
2023-11-15 00:00:00,-2730.075120284744
2023-11-15 03:00:00,-563.2598976186491
2023-11-15 06:00:00,8.694530116667497
2023-11-15 09:00:00,3931.727155721972
2023-11-15 12:00:00,8400.0
2023-11-15 15:00:00,8400.0
2023-11-15 18:00:00,8400.0
2023-11-15 21:00:00,5164.960503964396
2023-11-16 00:00:00,-2.197173343635768
2023-11-16 03:00:00,0.0
2023-11-16 06:00:00,-2317.088138661923
2023-11-16 09:00:00,-3979.9774999977
2023-11-16 12:00:00,-3979.9774999977017
2023-11-16 15:00:00,-3979.9774999977
2023-11-16 18:00:00,-3979.9774999977
2023-11-16 21:00:00,-3979.9774999977
2023-11-17 00:00:00,-3979.9774999977
2023-11-17 03:00:00,-3979.9774999977017
2023-11-17 06:00:00,-3979.9774999977017
2023-11-17 09:00:00,-571.4018342299605
2023-11-17 12:00:00,0.0
2023-11-17 15:00:00,0.0
2023-11-17 18:00:00,1315.6301134172618
2023-11-17 21:00:00,6689.575786831294
2023-11-18 00:00:00,8400.0
2023-11-18 03:00:00,8400.0
2023-11-18 06:00:00,8400.0
2023-11-18 09:00:00,8400.0
2023-11-18 12:00:00,0.0
2023-11-18 15:00:00,0.0
2023-11-18 18:00:00,0.0
2023-11-18 21:00:00,-2083.1826949855163
2023-11-19 00:00:00,-3979.9774999977
2023-11-19 03:00:00,-3979.9774999977008
2023-11-19 06:00:00,-3979.9774999977
2023-11-19 09:00:00,-3979.9774999977
2023-11-19 12:00:00,-3979.9774999977
2023-11-19 15:00:00,-3979.9774999977
2023-11-19 18:00:00,-3979.9774999977017
2023-11-19 21:00:00,-3979.9774999977017
2023-11-20 00:00:00,-3979.9774999977017
2023-11-20 03:00:00,-2345.7448549305464
2023-11-20 06:00:00,-1793.787149595999
2023-11-20 09:00:00,-1535.510012126263
2023-11-20 12:00:00,-1516.9164930291809
2023-11-20 15:00:00,0.0
2023-11-20 18:00:00,0.0
2023-11-20 21:00:00,-694.7520171307547
2023-11-21 00:00:00,0.0
2023-11-21 03:00:00,0.0
2023-11-21 06:00:00,0.0
2023-11-21 09:00:00,0.0
2023-11-21 12:00:00,0.0
2023-11-21 15:00:00,5662.562443112067
2023-11-21 18:00:00,8400.0
2023-11-21 21:00:00,8400.0
2023-11-22 00:00:00,8400.0
2023-11-22 03:00:00,6814.176666038274
2023-11-22 06:00:00,-3979.9774999977
2023-11-22 09:00:00,-3979.977499997698
2023-11-22 12:00:00,-3979.9774999977
2023-11-22 15:00:00,-3979.9774999977
2023-11-22 18:00:00,-3979.977499997698
2023-11-22 21:00:00,-3979.9774999977
2023-11-23 00:00:00,-3979.9774999977017
2023-11-23 03:00:00,-3979.9774999977
2023-11-23 06:00:00,-3979.9774999977017
2023-11-23 09:00:00,-3979.9774999977
2023-11-23 12:00:00,-3979.9774999977
2023-11-23 15:00:00,-3979.9774999977
2023-11-23 18:00:00,-3979.9774999977017
2023-11-23 21:00:00,-3979.9774999977017
2023-11-24 00:00:00,-3979.9774999977017
2023-11-24 03:00:00,-3979.977499997709
2023-11-24 06:00:00,-3979.9774999977
2023-11-24 09:00:00,-3979.9774999976944
2023-11-24 12:00:00,-3979.9774999977
2023-11-24 15:00:00,-3979.9774999977
2023-11-24 18:00:00,-3979.9774999977
2023-11-24 21:00:00,-3979.9774999977
2023-11-25 00:00:00,0.0
2023-11-25 03:00:00,-2359.62103845636
2023-11-25 06:00:00,-3979.9774999976944
2023-11-25 09:00:00,-1225.7570639494515
2023-11-25 12:00:00,-2448.372014947672
2023-11-25 15:00:00,0.0
2023-11-25 18:00:00,0.0
2023-11-25 21:00:00,0.0
2023-11-26 00:00:00,0.0
2023-11-26 03:00:00,0.0
2023-11-26 06:00:00,942.9930600556849
2023-11-26 09:00:00,8399.999999999985
2023-11-26 12:00:00,2436.6833482447983
2023-11-26 15:00:00,8400.0
2023-11-26 18:00:00,8400.0
2023-11-26 21:00:00,8400.0
2023-11-27 00:00:00,6779.1423513388945
2023-11-27 03:00:00,6455.617282035002
2023-11-27 06:00:00,8400.0
2023-11-27 09:00:00,6898.457949453481
2023-11-27 12:00:00,-2648.280657034864
2023-11-27 15:00:00,-2872.123128179519
2023-11-27 18:00:00,-2817.725995378976
2023-11-27 21:00:00,0.0
2023-11-28 00:00:00,0.0
2023-11-28 03:00:00,0.0
2023-11-28 06:00:00,0.0
2023-11-28 09:00:00,0.0
2023-11-28 12:00:00,0.0
2023-11-28 15:00:00,4295.981426162041
2023-11-28 18:00:00,3881.242659620414
2023-11-28 21:00:00,7131.342100666981
2023-11-29 00:00:00,8400.0
2023-11-29 03:00:00,8400.0
2023-11-29 06:00:00,8400.0
2023-11-29 09:00:00,0.0
2023-11-29 12:00:00,1569.9881073117667
2023-11-29 15:00:00,6432.865725632086
2023-11-29 18:00:00,-1005.062067559513
2023-11-29 21:00:00,-3979.9774999977
2023-11-30 00:00:00,-3979.9774999977
2023-11-30 03:00:00,-3979.9774999977
2023-11-30 06:00:00,-3979.9774999977
2023-11-30 09:00:00,-3979.977499997698
2023-11-30 12:00:00,-3979.9774999977
2023-11-30 15:00:00,-3979.9774999977017
2023-11-30 18:00:00,-3979.9774999977
2023-11-30 21:00:00,-3979.9774999977017
2023-12-01 00:00:00,-3979.9774999977
2023-12-01 03:00:00,-3979.9774999977017
2023-12-01 06:00:00,-3979.9774999977
2023-12-01 09:00:00,-1644.589466034451
2023-12-01 12:00:00,-831.6842401896474
2023-12-01 15:00:00,7.275957614183426e-12
2023-12-01 18:00:00,0.0
2023-12-01 21:00:00,0.0
2023-12-02 00:00:00,8400.000000000007
2023-12-02 03:00:00,0.0
2023-12-02 06:00:00,8400.0
2023-12-02 09:00:00,0.0
2023-12-02 12:00:00,0.0
2023-12-02 15:00:00,8400.0
2023-12-02 18:00:00,0.0
2023-12-02 21:00:00,3.637978807091713e-12
2023-12-03 00:00:00,0.0
2023-12-03 03:00:00,8400.0
2023-12-03 06:00:00,0.0
2023-12-03 09:00:00,8400.0
2023-12-03 12:00:00,8400.0
2023-12-03 15:00:00,0.0
2023-12-03 18:00:00,0.0
2023-12-03 21:00:00,0.0
2023-12-04 00:00:00,0.0
2023-12-04 03:00:00,841.065773756007
2023-12-04 06:00:00,0.0
2023-12-04 09:00:00,0.0
2023-12-04 12:00:00,0.0
2023-12-04 15:00:00,0.0
2023-12-04 18:00:00,0.0
2023-12-04 21:00:00,0.0
2023-12-05 00:00:00,0.0
2023-12-05 03:00:00,0.0
2023-12-05 06:00:00,0.0
2023-12-05 09:00:00,0.0
2023-12-05 12:00:00,0.0
2023-12-05 15:00:00,0.0
2023-12-05 18:00:00,0.0
2023-12-05 21:00:00,-1310.6271254698563
2023-12-06 00:00:00,0.0
2023-12-06 03:00:00,-1828.8247899476328
2023-12-06 06:00:00,-2333.206812290813
2023-12-06 09:00:00,-2907.55276984685
2023-12-06 12:00:00,-749.8154268857888
2023-12-06 15:00:00,-2081.8107523464128
2023-12-06 18:00:00,0.0
2023-12-06 21:00:00,-240.4180901604559
2023-12-07 00:00:00,0.0
2023-12-07 03:00:00,0.0
2023-12-07 06:00:00,0.0
2023-12-07 09:00:00,0.0
2023-12-07 12:00:00,3052.25576694781
2023-12-07 15:00:00,0.0
2023-12-07 18:00:00,0.0
2023-12-07 21:00:00,0.0
2023-12-08 00:00:00,8400.0
2023-12-08 03:00:00,0.0
2023-12-08 06:00:00,0.0
2023-12-08 09:00:00,0.0
2023-12-08 12:00:00,0.0
2023-12-08 15:00:00,-222.6823319056565
2023-12-08 18:00:00,-3143.781264407496
2023-12-08 21:00:00,-3979.9774999977
2023-12-09 00:00:00,-3979.9774999977
2023-12-09 03:00:00,-3979.9774999977
2023-12-09 06:00:00,-3979.9774999977
2023-12-09 09:00:00,-3979.9774999977
2023-12-09 12:00:00,-3979.9774999977017
2023-12-09 15:00:00,-3979.9774999977017
2023-12-09 18:00:00,-3979.9774999977053
2023-12-09 21:00:00,-3979.9774999977017
2023-12-10 00:00:00,-3979.9774999977
2023-12-10 03:00:00,-3979.9774999977017
2023-12-10 06:00:00,-3979.9774999977
2023-12-10 09:00:00,-3979.9774999977
2023-12-10 12:00:00,-3979.9774999977
2023-12-10 15:00:00,-3979.9774999977
2023-12-10 18:00:00,-3979.977499997709
2023-12-10 21:00:00,-3979.977499997709
2023-12-11 00:00:00,-3979.9774999976944
2023-12-11 03:00:00,-3979.977499997709
2023-12-11 06:00:00,-3979.9774999976944
2023-12-11 09:00:00,-3979.9774999976944
2023-12-11 12:00:00,-3979.9774999977
2023-12-11 15:00:00,-3979.9774999977
2023-12-11 18:00:00,-3148.9247624841755
2023-12-11 21:00:00,-1182.504108151555
2023-12-12 00:00:00,-2005.9505210053576
2023-12-12 03:00:00,-1185.7664498137456
2023-12-12 06:00:00,0.0
2023-12-12 09:00:00,0.0
2023-12-12 12:00:00,0.0
2023-12-12 15:00:00,0.0
2023-12-12 18:00:00,0.0
2023-12-12 21:00:00,0.0
2023-12-13 00:00:00,5978.8113198695355
2023-12-13 03:00:00,2167.8813252295663
2023-12-13 06:00:00,4176.628357082638
2023-12-13 09:00:00,4280.417500850348
2023-12-13 12:00:00,0.0
2023-12-13 15:00:00,0.0
2023-12-13 18:00:00,4493.105988470343
2023-12-13 21:00:00,7724.907733105007
2023-12-14 00:00:00,8400.0
2023-12-14 03:00:00,8400.0
2023-12-14 06:00:00,8400.0
2023-12-14 09:00:00,8400.0
2023-12-14 12:00:00,8400.0
2023-12-14 15:00:00,8400.0
2023-12-14 18:00:00,8400.0
2023-12-14 21:00:00,6407.339713107664
2023-12-15 00:00:00,8400.0
2023-12-15 03:00:00,0.0
2023-12-15 06:00:00,0.0
2023-12-15 09:00:00,0.0
2023-12-15 12:00:00,0.0
2023-12-15 15:00:00,0.0
2023-12-15 18:00:00,0.0
2023-12-15 21:00:00,0.0
2023-12-16 00:00:00,0.0
2023-12-16 03:00:00,0.0
2023-12-16 06:00:00,0.0
2023-12-16 09:00:00,0.0
2023-12-16 12:00:00,0.0
2023-12-16 15:00:00,0.0
2023-12-16 18:00:00,0.0
2023-12-16 21:00:00,0.0
2023-12-17 00:00:00,0.0
2023-12-17 03:00:00,0.0
2023-12-17 06:00:00,0.0
2023-12-17 09:00:00,0.0
2023-12-17 12:00:00,0.0
2023-12-17 15:00:00,0.0
2023-12-17 18:00:00,-3979.9774999977
2023-12-17 21:00:00,0.0
2023-12-18 00:00:00,-3512.298080674109
2023-12-18 03:00:00,-3979.9774999977
2023-12-18 06:00:00,-3979.9774999977
2023-12-18 09:00:00,-191.1952904341099
2023-12-18 12:00:00,-3979.9774999977
2023-12-18 15:00:00,0.0
2023-12-18 18:00:00,0.0
2023-12-18 21:00:00,-3979.977499997698
2023-12-19 00:00:00,0.0
2023-12-19 03:00:00,-3979.977499997698
2023-12-19 06:00:00,-3979.9774999977053
2023-12-19 09:00:00,-3979.9774999977
2023-12-19 12:00:00,-3979.9774999977
2023-12-19 15:00:00,-3979.9774999977
2023-12-19 18:00:00,-3979.9774999977
2023-12-19 21:00:00,-3979.9774999977
2023-12-20 00:00:00,-3979.9774999977017
2023-12-20 03:00:00,-3979.9774999977017
2023-12-20 06:00:00,-3979.977499997709
2023-12-20 09:00:00,-3979.9774999977017
2023-12-20 12:00:00,-3979.9774999977
2023-12-20 15:00:00,-3979.977499997709
2023-12-20 18:00:00,-3979.9774999977
2023-12-20 21:00:00,-3495.2674196901353
2023-12-21 00:00:00,-2651.1639571226006
2023-12-21 03:00:00,-1988.891448366498
2023-12-21 06:00:00,-3979.9774999977
2023-12-21 09:00:00,-3979.9774999976944
2023-12-21 12:00:00,-3979.9774999976944
2023-12-21 15:00:00,-3979.9774999977
2023-12-21 18:00:00,-3979.977499997709
2023-12-21 21:00:00,-3979.9774999977
2023-12-22 00:00:00,-3979.977499997709
2023-12-22 03:00:00,-3979.9774999977
2023-12-22 06:00:00,-3979.9774999976944
2023-12-22 09:00:00,-3979.9774999977
2023-12-22 12:00:00,-3979.9774999976944
2023-12-22 15:00:00,-3979.977499997709
2023-12-22 18:00:00,-3979.9774999977
2023-12-22 21:00:00,-3979.97749999768
2023-12-23 00:00:00,-3979.9774999977
2023-12-23 03:00:00,-3979.97749999768
2023-12-23 06:00:00,-109.53614809399699
2023-12-23 09:00:00,0.0
2023-12-23 12:00:00,0.0
2023-12-23 15:00:00,0.0
2023-12-23 18:00:00,0.0
2023-12-23 21:00:00,9566.222401815412
2023-12-24 00:00:00,9900.0
2023-12-24 03:00:00,9900.0
2023-12-24 06:00:00,8932.223382767843
2023-12-24 09:00:00,-1677.7550175103963
2023-12-24 12:00:00,-3979.977499997709
2023-12-24 15:00:00,-3979.9774999977
2023-12-24 18:00:00,-3979.977499997709
2023-12-24 21:00:00,-3979.9774999977
2023-12-25 00:00:00,-3979.9774999977
2023-12-25 03:00:00,-3979.9774999977
2023-12-25 06:00:00,-3979.977499997709
2023-12-25 09:00:00,-3979.977499997709
2023-12-25 12:00:00,-3979.977499997709
2023-12-25 15:00:00,-3979.97749999768
2023-12-25 18:00:00,-1325.5143677688902
2023-12-25 21:00:00,-3979.977499997709
2023-12-26 00:00:00,0.0
2023-12-26 03:00:00,878.9113870314444
2023-12-26 06:00:00,6087.038322169186
2023-12-26 09:00:00,-1829.3724910556807
2023-12-26 12:00:00,-3979.9774999977
2023-12-26 15:00:00,-3806.2231231457845
2023-12-26 18:00:00,0.0
2023-12-26 21:00:00,0.0
2023-12-27 00:00:00,0.0
2023-12-27 03:00:00,0.0
2023-12-27 06:00:00,0.0
2023-12-27 09:00:00,0.0
2023-12-27 12:00:00,0.0
2023-12-27 15:00:00,4228.25678179914
2023-12-27 18:00:00,0.0
2023-12-27 21:00:00,-3979.97749999768
2023-12-28 00:00:00,-3979.97749999768
2023-12-28 03:00:00,-3979.97749999768
2023-12-28 06:00:00,-3979.977499997709
2023-12-28 09:00:00,-3979.9774999977
2023-12-28 12:00:00,-3979.977499997709
2023-12-28 15:00:00,-3979.9774999977
2023-12-28 18:00:00,-1364.8779130506446
2023-12-28 21:00:00,-3979.9774999977
2023-12-29 00:00:00,-3979.9774999977
2023-12-29 03:00:00,-3979.9774999977
2023-12-29 06:00:00,-3979.97749999768
2023-12-29 09:00:00,-3979.977499997709
2023-12-29 12:00:00,-3979.9774999977
2023-12-29 15:00:00,-3979.977499997709
2023-12-29 18:00:00,0.0
2023-12-29 21:00:00,-1821.0907115214504
2023-12-30 00:00:00,0.0
2023-12-30 03:00:00,8876.914282112702
2023-12-30 06:00:00,9900.0
2023-12-30 09:00:00,4207.292510541854
2023-12-30 12:00:00,9900.0
2023-12-30 15:00:00,9900.0
2023-12-30 18:00:00,9900.0
2023-12-30 21:00:00,9900.0
2023-12-31 00:00:00,-1497.760420163977
2023-12-31 03:00:00,-3825.4168324473785
2023-12-31 06:00:00,-3979.97749999768
2023-12-31 09:00:00,-3979.9774999977
2023-12-31 12:00:00,-3979.97749999768
2023-12-31 15:00:00,-3979.9774999977
2023-12-31 18:00:00,-3979.9774999977
2023-12-31 21:00:00,-3979.977499997709
